,lad_name,construction,manufacture_advanced,manufacture_agrochemical,manufacture_automotive,manufacture_chemical_pharma,manufacture_construction,manufacture_electrical,manufacture_food,manufacture_food_2,manufacture_footwear_leather,manufacture_furniture,manufacture_light_misc,manufacture_machinery,manufacture_metallurgy,manufacture_metallurgy_misc,manufacture_metallurgy_tools,manufacture_optics,manufacture_paper,manufacture_plastic,manufacture_rubber,manufacture_shipbuilding,manufacture_textiles,manufacturing_aerospace,manufacturing_misc,mining_mining,mining_oil_gas,primary_farming,primary_fishing,primary_forestry,primary_livestock,services_agriculture_rural,services_automotive,services_business_support,services_cleaning_facilities,services_computing,services_consumer_retail,services_creative,services_creative_content,services_cultural,services_education,services_energy,services_finance_insurance,services_finance_real_state,services_freight_transport,services_head_offices,services_health,services_human_resources,services_kibs,services_leisure,services_professional_public,services_publishing,services_r_and_d,services_real_estate,services_repair_transport,services_residential_social_work,services_retail_misc,services_technical_engineering,services_telecommunications,services_transport_storage,services_travelling_tourism,services_urban_transport,services_waste_recycling,wholesale_repair_machinery,wholesale_retail_misc
0,Aberdeen City,515,20,0,0,15,0,15,0,0,5,30,0,145,0,0,10,5,15,10,15,10,10,5,20,0,80,10,50,10,55,110,210,425,75,330,500,550,15,0,120,5,55,150,15,90,430,115,905,95,110,10,30,320,0,125,445,2270,25,50,5,95,10,180,150
1,Aberdeenshire,1275,20,0,15,30,0,10,20,10,0,75,0,300,0,0,20,10,10,5,10,30,25,0,10,10,35,270,625,85,2070,350,420,435,65,300,590,655,20,5,120,85,55,50,10,105,430,85,890,150,45,15,20,310,0,155,560,2430,20,50,10,245,20,185,170
2,Adur,350,15,0,0,0,0,0,0,0,0,15,0,40,0,0,0,0,25,10,0,0,5,10,5,0,0,0,10,0,5,25,70,75,40,125,145,90,15,0,35,0,30,30,0,35,150,30,115,5,15,10,5,50,0,45,115,75,10,15,10,30,10,50,105
3,Allerdale,500,0,0,0,5,0,0,15,0,0,25,0,60,0,0,5,0,10,0,0,0,5,0,10,15,0,370,20,10,665,125,125,215,35,50,305,135,0,5,70,5,65,30,0,50,140,10,135,130,60,5,5,90,0,70,325,280,0,15,10,100,5,35,30
4,Amber Valley,590,5,0,5,20,0,10,5,0,0,50,0,85,0,0,5,0,30,25,5,0,25,0,30,5,0,115,0,0,175,85,205,120,55,130,300,150,10,0,65,5,50,60,0,55,245,25,230,15,40,10,5,155,15,95,320,145,5,10,5,145,20,110,135
5,Anglesey,300,0,0,0,0,0,0,5,5,0,10,0,25,0,0,0,0,5,0,0,0,5,0,10,5,0,5,35,0,560,80,90,55,25,30,210,65,10,0,30,0,10,20,5,20,80,0,40,80,30,0,5,45,0,55,215,60,0,5,0,50,10,15,55
6,Angus,400,5,0,10,5,0,0,0,0,0,35,0,90,0,0,0,0,10,0,5,0,10,0,0,5,5,170,40,30,440,125,125,100,30,60,300,145,5,0,30,15,25,30,0,40,135,15,145,50,25,5,0,105,0,75,315,395,0,15,0,95,5,35,65
7,Antrim,255,0,0,5,0,0,0,5,0,0,20,0,25,0,0,0,0,5,10,0,0,5,10,5,0,0,10,5,0,495,35,90,15,10,40,135,20,0,0,10,0,15,20,0,30,45,0,20,10,15,0,0,55,0,30,105,35,0,15,5,70,10,35,60
8,Ards,280,5,0,5,0,0,0,5,0,0,15,0,45,0,0,0,0,5,10,0,0,5,5,0,0,0,40,55,0,450,75,110,15,10,30,235,40,5,0,10,0,20,15,0,55,80,5,45,10,15,0,0,75,0,60,215,40,5,5,5,35,10,45,75
9,Argyll and Bute,340,0,0,0,0,0,0,0,0,0,25,0,30,0,0,0,0,5,0,0,20,0,0,10,0,0,20,200,70,565,125,105,90,15,65,380,115,10,15,35,25,10,30,25,50,165,10,110,230,20,15,5,80,0,85,320,120,10,20,15,50,5,35,65
10,Armagh,330,0,5,5,10,0,0,10,0,0,30,0,40,0,0,0,0,5,10,0,0,0,0,0,5,0,75,5,0,1135,100,150,5,0,20,180,30,5,0,10,5,20,15,0,35,75,5,20,0,20,0,0,75,0,55,220,35,0,10,0,150,15,50,80
11,Arun,745,30,0,10,15,0,0,0,0,0,15,0,105,0,0,15,0,30,10,5,0,15,5,35,0,0,85,15,5,55,120,200,200,55,235,410,220,35,0,80,5,50,80,5,65,310,40,325,40,50,20,5,175,0,135,310,155,15,20,15,85,10,80,170
12,Ashfield,430,0,0,5,10,0,5,0,0,0,35,0,75,0,0,10,0,20,25,5,0,10,5,15,0,0,30,5,0,25,50,175,90,15,100,200,70,5,0,40,0,20,25,0,35,140,10,80,5,10,0,0,55,5,45,275,75,5,15,0,90,15,110,115
13,Ashford,670,15,0,0,5,0,5,5,0,0,45,0,90,0,0,5,0,25,15,10,0,5,0,30,0,0,240,10,20,160,115,180,200,45,255,290,265,30,0,75,5,280,80,0,40,345,75,385,20,80,35,5,150,5,100,255,190,15,25,15,80,30,100,310
14,Aylesbury Vale,965,20,0,10,15,0,15,15,0,5,60,0,95,0,0,10,10,60,20,0,0,10,15,40,0,0,325,5,10,335,190,340,380,80,650,435,470,110,0,165,5,105,140,5,105,615,90,1045,15,125,60,15,270,5,125,390,290,25,30,20,155,30,225,320
15,Babergh,495,0,0,5,10,0,0,5,0,0,45,0,55,0,0,0,0,35,10,0,10,15,0,15,0,0,300,5,10,105,130,160,125,40,150,240,190,15,0,60,0,45,70,0,25,205,25,300,20,65,25,10,130,0,55,235,125,5,20,10,80,10,80,125
16,Ballymena,325,0,0,15,0,0,0,10,0,0,20,0,45,0,0,0,0,5,5,0,0,5,5,0,0,0,25,0,0,865,65,125,15,15,15,175,30,5,0,15,10,15,15,0,50,75,5,30,5,20,0,0,70,0,45,180,30,5,5,0,45,15,30,65
17,Ballymoney,200,0,0,0,0,0,0,5,0,0,15,0,25,0,0,0,0,0,0,0,0,0,0,0,0,0,5,0,0,500,50,65,5,5,5,75,10,0,0,0,5,5,5,0,25,35,0,10,5,5,0,0,30,0,25,95,15,0,0,0,40,0,0,15
18,Banbridge,295,0,0,5,0,0,0,0,0,0,20,0,35,0,0,0,0,5,5,0,0,5,0,0,0,0,25,0,0,725,70,80,5,10,15,130,30,0,0,5,5,15,15,0,30,50,0,35,5,20,0,0,75,0,35,145,25,0,0,0,85,5,25,40
19,Barking and Dagenham,880,0,0,10,5,0,0,5,0,0,35,0,55,0,0,0,0,20,10,0,0,10,0,15,0,0,0,5,0,0,25,200,245,75,430,405,195,10,0,85,0,30,70,10,50,445,55,245,5,40,10,0,75,10,185,335,100,25,60,15,185,50,130,305
20,Barnet,1590,25,0,5,40,5,5,5,20,10,30,0,70,0,0,0,0,70,15,0,0,60,0,70,0,0,5,25,10,15,200,385,1065,180,1605,1370,1380,325,5,385,30,280,845,5,195,1915,250,2050,60,345,110,30,1935,5,380,895,415,85,65,110,215,50,290,1250
21,Barnsley,820,15,0,0,15,5,5,5,5,0,40,0,120,0,0,10,0,20,35,5,0,10,0,35,5,0,110,5,0,130,85,290,170,40,170,520,200,20,0,110,10,65,75,0,45,255,30,235,20,40,20,5,200,5,110,605,175,10,25,10,270,40,175,205
22,Barrow-in-Furness,275,0,0,0,0,5,0,0,0,0,5,0,70,0,0,5,0,5,0,0,5,0,0,5,0,0,20,5,0,40,40,75,130,5,40,140,85,0,0,20,10,15,15,0,30,85,10,100,15,10,0,0,35,0,35,180,305,5,0,0,15,5,15,25
23,Basildon,1265,10,0,10,15,5,10,5,0,5,50,0,125,0,0,20,5,70,20,5,0,5,5,40,5,0,20,5,0,10,85,240,245,70,420,380,255,40,0,105,0,100,100,5,40,435,75,445,0,40,15,15,160,5,110,280,280,35,70,20,160,30,200,285
24,Basingstoke and Deane,810,40,0,0,15,0,10,0,0,0,30,0,90,0,0,0,0,45,0,0,0,15,15,20,0,0,170,5,15,105,155,240,305,75,945,265,380,25,5,150,5,100,100,0,60,470,85,855,15,85,25,10,175,0,115,275,280,60,30,20,130,15,180,245
25,Bassetlaw,440,5,0,5,10,5,0,0,5,0,40,0,80,0,0,15,0,15,10,0,0,0,0,20,10,0,250,0,15,115,105,190,90,25,110,285,100,10,5,60,5,35,35,0,30,200,25,190,15,45,15,5,120,0,65,295,140,5,5,0,155,20,90,140
26,Bath and North East Somerset,800,10,0,5,5,5,0,10,0,0,50,0,85,0,0,0,0,45,10,5,0,10,5,40,0,0,135,5,5,180,175,240,305,55,530,580,560,90,10,165,10,90,140,10,85,485,60,750,80,110,90,15,295,0,135,450,240,20,15,20,110,20,105,230
27,Bedford,695,25,0,5,20,5,10,0,0,0,15,0,75,0,0,0,0,35,15,0,0,5,10,20,5,0,175,5,10,55,90,250,230,45,420,395,300,35,0,125,10,85,110,0,85,450,70,540,15,65,30,15,205,0,165,385,185,30,30,15,175,20,160,245
28,Belfast,475,10,0,5,20,5,10,10,10,0,15,0,45,0,0,5,0,40,20,5,5,25,25,20,0,0,0,10,0,30,125,165,110,55,345,895,340,110,15,145,45,195,295,5,310,550,90,390,50,580,35,25,575,0,415,825,195,35,55,25,80,20,185,350
29,Bexley,1475,20,5,5,5,0,10,0,0,5,30,0,100,0,0,5,5,65,10,0,0,10,0,20,0,0,5,0,0,0,65,255,280,110,685,510,290,55,0,135,0,95,135,5,70,560,90,575,10,65,20,5,130,5,165,495,220,15,25,15,210,40,125,260
30,Birmingham,2260,55,0,65,60,30,45,30,30,10,165,5,540,55,0,130,20,230,90,60,0,115,10,275,0,0,25,50,10,10,235,1135,1115,235,1490,2695,1195,195,10,595,25,385,650,0,355,2370,410,1680,100,935,105,35,1100,15,975,2430,725,130,155,115,750,150,865,1740
31,Blaby,585,5,0,10,10,0,5,0,0,0,35,0,70,0,0,0,0,30,15,5,0,10,5,15,5,0,55,0,0,60,80,130,140,35,170,175,130,5,0,55,5,435,65,0,25,215,20,190,5,30,5,5,200,0,85,200,115,5,10,0,120,20,110,120
32,Blackburn with Darwen,330,15,0,10,5,0,5,5,15,0,80,0,75,0,0,5,0,40,25,10,0,35,0,20,0,0,40,0,0,40,60,215,145,30,140,410,130,0,0,60,5,115,60,0,40,385,40,200,10,75,5,0,150,0,105,435,120,15,10,25,75,10,145,275
33,Blackpool,405,5,0,0,0,5,0,0,20,0,25,0,25,0,0,0,0,25,5,0,0,5,5,10,0,0,10,10,0,0,35,135,145,45,135,415,125,5,0,45,5,30,60,0,60,250,25,125,190,30,15,0,90,5,105,365,75,5,15,15,70,5,75,200
34,Blaenau Gwent,150,0,0,5,5,0,0,0,0,0,15,0,5,0,0,0,0,5,5,0,0,5,0,5,0,0,0,0,0,20,20,90,45,5,20,120,20,0,0,10,0,10,5,0,15,60,0,30,5,15,0,0,10,0,25,210,20,0,0,0,60,5,25,20
35,Bolsover,250,0,0,0,0,0,0,0,0,0,15,0,45,0,0,0,0,10,15,0,0,0,0,5,0,0,45,0,0,50,35,120,490,15,60,130,55,0,0,30,0,40,20,0,35,85,10,75,0,25,5,0,95,0,45,200,45,5,10,0,85,5,35,70
36,Bolton,970,25,0,10,30,0,15,5,10,0,95,0,135,0,0,5,0,50,40,5,0,40,15,55,0,0,45,10,5,45,135,425,320,85,305,675,325,25,0,130,0,150,140,0,95,675,60,375,10,105,25,10,255,5,205,725,285,30,30,30,195,40,275,445
37,Boston,205,0,0,0,5,0,0,0,0,0,10,0,25,0,0,0,0,5,5,0,0,10,0,10,0,0,255,15,0,55,65,110,40,15,30,150,35,0,0,45,0,20,20,0,25,120,50,35,15,20,0,0,50,0,40,185,25,0,20,0,135,15,25,70
38,Bournemouth,775,15,0,0,0,0,0,0,0,5,20,0,30,0,0,5,5,40,10,0,0,5,15,20,0,0,0,5,5,5,75,190,225,75,400,600,300,40,0,125,0,90,185,5,80,415,70,420,115,80,45,0,240,0,180,430,140,25,15,25,55,15,100,260
39,Bracknell Forest,515,10,0,5,10,0,0,0,0,0,15,0,40,0,0,0,0,15,0,0,0,5,0,5,0,0,15,0,0,20,105,130,215,60,620,205,235,45,0,95,0,30,60,0,45,325,55,515,10,20,15,20,95,0,65,135,155,20,20,20,60,10,75,145
40,Bradford,1230,35,0,25,50,25,25,15,30,5,135,0,255,5,0,35,0,145,70,30,5,105,0,80,20,0,110,10,10,190,240,710,445,135,600,1445,540,60,5,250,10,180,235,0,215,905,120,795,50,230,45,10,535,5,415,1285,315,40,70,75,375,70,410,880
41,Braintree,1025,20,0,10,20,10,10,5,0,0,70,0,100,0,0,10,0,55,25,5,0,15,0,40,5,0,315,10,15,80,130,260,215,75,320,340,320,30,0,105,0,50,80,5,60,405,65,445,15,90,30,5,175,5,100,330,200,10,40,5,135,15,180,235
42,Breckland,545,15,0,10,15,5,10,25,0,5,55,0,120,0,0,5,0,25,15,5,0,5,25,20,0,0,510,5,15,215,155,210,145,35,110,295,160,20,0,70,5,40,60,0,40,255,50,205,35,75,20,5,115,5,95,295,160,5,10,0,115,35,130,150
43,Brent,1355,20,0,5,25,5,5,10,15,10,45,0,60,0,0,0,0,55,10,0,0,45,0,25,0,0,0,25,0,0,80,445,520,125,1075,1000,895,420,0,245,0,110,340,5,90,990,135,955,60,160,75,20,525,5,250,855,205,55,60,80,225,45,250,1005
44,Brentwood,555,0,0,0,10,0,0,0,0,0,20,0,40,0,0,5,0,30,5,0,0,10,0,10,0,0,50,5,5,20,75,125,160,50,340,235,185,20,0,60,0,80,85,5,30,295,70,395,5,35,10,0,125,5,50,210,160,15,30,15,55,25,85,145
45,Bridgend,400,5,0,0,5,0,0,0,5,0,35,0,100,0,0,0,0,20,15,0,0,10,55,25,0,0,0,5,0,95,60,195,115,35,120,325,125,10,0,40,10,50,45,0,50,185,15,135,25,45,5,5,95,0,85,380,100,10,25,10,120,25,85,90
46,Brighton and Hove,1025,20,0,5,20,0,15,0,5,0,40,0,45,0,0,0,0,70,15,0,0,35,5,40,0,0,10,25,5,10,120,195,565,95,1210,1210,1300,365,0,270,5,125,275,10,175,845,180,1225,120,180,120,20,390,0,235,790,250,45,30,80,60,20,145,520
47,"Bristol, City of",1450,25,0,20,35,10,15,0,10,5,65,0,160,0,0,10,5,100,30,10,5,30,20,45,0,0,10,15,5,10,210,555,745,160,1215,1300,1095,440,15,280,45,410,290,15,250,1000,260,1340,65,460,125,35,645,0,365,1020,595,45,65,35,370,55,330,590
48,Broadland,710,20,0,10,10,0,0,0,0,5,40,0,70,0,0,0,0,20,10,0,15,5,20,25,0,0,250,0,0,95,105,200,155,35,185,255,170,20,0,60,5,65,55,5,55,230,20,270,35,85,10,5,180,0,95,245,160,5,15,15,50,10,115,165
49,Bromley,1860,25,0,10,15,5,5,0,10,5,45,0,75,0,0,5,0,100,5,5,0,30,10,35,0,0,35,5,5,10,200,285,580,180,1315,830,855,195,0,270,0,210,245,5,145,1065,205,1475,25,175,75,15,350,0,270,695,440,50,45,70,150,25,160,450
50,Bromsgrove,555,10,0,5,15,0,0,0,0,0,25,0,50,0,0,10,0,20,10,0,0,5,0,20,0,0,85,5,10,95,100,220,190,70,250,260,195,25,0,80,0,75,85,0,40,310,45,330,10,45,10,5,260,0,105,200,135,25,10,10,65,15,95,175
51,Broxbourne,760,15,0,0,5,0,0,0,0,0,25,0,35,0,0,5,0,30,10,0,0,5,0,10,0,0,20,5,0,5,40,175,135,60,210,255,140,10,5,35,0,50,70,0,20,210,50,225,0,25,10,0,120,5,45,225,75,10,10,5,150,15,75,200
52,Broxtowe,445,5,0,0,10,0,5,0,0,0,20,0,50,0,0,0,0,25,5,0,0,5,0,20,0,0,25,0,0,20,50,120,95,35,180,215,145,15,0,50,0,30,50,0,35,230,20,200,10,20,15,10,115,5,55,230,105,10,15,5,65,5,95,140
53,Burnley,295,5,0,5,0,0,0,0,0,0,20,0,60,0,0,5,0,15,20,0,0,10,5,15,0,0,30,0,0,25,40,115,60,30,75,210,75,0,0,25,0,30,35,0,35,160,10,100,10,25,5,5,60,0,70,245,90,5,10,0,35,20,70,120
54,Bury,645,15,0,0,30,0,0,0,5,5,40,0,105,0,0,10,0,20,35,5,0,30,5,30,0,0,20,5,5,30,75,300,320,50,275,555,240,25,0,90,5,110,140,0,50,470,55,360,15,75,20,10,280,5,140,545,230,25,20,20,145,30,170,380
55,Caerphilly,495,0,0,5,5,0,10,0,5,0,30,0,75,0,0,10,0,25,30,0,0,10,15,5,5,0,5,0,0,130,80,215,130,35,100,310,120,10,0,45,0,40,35,0,55,210,10,170,5,40,5,5,95,5,90,445,105,15,10,0,140,40,115,105
56,Calderdale,795,20,0,15,20,5,20,10,5,0,85,0,200,0,0,35,0,45,35,25,0,40,0,60,15,0,95,5,5,180,140,350,245,65,415,670,330,30,0,155,10,120,95,0,65,415,60,460,40,65,30,5,280,0,180,630,200,20,20,15,165,35,215,365
57,Cambridge,230,35,0,0,10,0,5,0,0,5,10,0,10,0,0,0,5,20,0,0,0,0,5,10,0,0,70,0,0,30,35,60,185,50,555,395,375,35,5,185,5,40,100,5,100,260,50,455,45,110,70,85,160,0,105,240,135,30,15,25,20,0,30,140
58,Camden,580,20,0,5,20,5,10,10,20,20,25,0,35,5,0,0,20,65,10,0,0,80,0,205,5,5,10,10,5,10,140,155,1260,140,1750,1795,2810,1230,40,440,25,305,755,15,390,1410,405,2880,150,3240,360,105,1235,0,410,815,375,95,85,135,80,25,205,1105
59,Cannock Chase,600,10,0,5,5,0,10,0,0,5,35,0,95,0,0,5,0,25,15,0,0,5,0,25,0,0,10,0,5,0,40,185,75,20,105,240,95,5,0,40,0,25,30,0,25,175,20,125,10,25,5,0,85,0,60,265,100,15,20,5,140,25,130,150
60,Canterbury,645,5,0,0,5,0,0,0,0,0,40,0,45,0,0,0,0,30,5,0,0,15,0,20,0,0,100,10,5,60,80,175,190,50,200,455,285,40,5,110,5,65,75,5,65,330,40,325,45,90,30,20,175,5,135,380,150,10,15,15,75,20,85,195
61,Cardiff,850,10,0,15,10,0,5,0,5,5,15,0,90,0,0,5,5,55,20,0,5,20,15,55,0,0,0,10,0,25,135,355,590,105,510,950,630,220,0,165,15,355,235,15,160,740,90,700,45,380,35,30,525,0,260,705,260,35,35,30,135,25,185,375
62,Carlisle,475,0,0,0,10,0,0,0,0,0,30,0,65,0,0,0,0,10,5,0,0,5,5,10,0,0,280,5,20,510,115,200,95,35,65,350,120,5,0,80,5,220,45,0,45,165,15,125,45,50,15,0,195,0,70,325,100,5,20,5,155,20,90,60
63,Carmarthenshire,790,5,0,10,5,0,0,25,5,5,45,0,115,0,0,5,0,15,15,0,0,5,5,25,5,0,40,45,35,2040,300,330,190,35,130,495,205,15,0,55,5,50,40,0,110,280,25,140,70,90,5,10,130,0,155,585,145,5,10,15,200,40,115,130
64,Carrickfergus,75,0,0,0,0,0,0,0,0,0,10,0,0,0,0,0,0,0,0,0,0,5,15,0,0,0,0,0,0,70,10,35,5,5,20,75,15,0,0,5,5,10,10,0,25,30,5,20,5,5,0,0,20,0,30,95,20,0,0,0,10,0,15,15
65,Castle Point,710,5,0,5,0,0,0,0,0,5,30,0,55,0,0,0,0,15,10,0,5,0,5,15,0,0,5,5,0,0,35,130,90,45,160,220,115,5,0,50,0,40,40,0,15,175,30,140,10,15,0,0,90,0,45,160,125,20,20,5,95,20,65,100
66,Castlereagh,160,0,0,0,0,0,0,0,0,0,15,0,20,0,0,0,0,10,10,0,0,5,5,0,0,0,10,0,0,60,40,80,15,20,60,105,25,5,0,15,10,15,10,0,55,80,0,50,0,25,0,5,45,0,50,90,40,0,10,5,15,0,30,75
67,Central Bedfordshire,1710,45,0,20,10,10,10,0,0,0,85,0,205,0,0,20,5,55,55,5,0,15,30,40,0,0,325,5,20,115,215,485,415,120,780,630,565,95,5,295,5,150,150,5,95,650,115,940,20,130,45,30,350,10,155,605,420,45,55,20,315,50,300,430
68,Ceredigion,375,0,0,0,5,0,0,5,5,0,20,0,30,0,0,0,0,10,5,0,5,0,0,10,0,0,45,25,30,1275,165,155,100,10,60,280,90,20,5,15,5,15,30,0,50,125,0,50,110,50,20,0,80,0,60,265,40,0,0,0,80,10,25,50
69,Charnwood,645,40,0,10,25,0,20,0,5,0,50,0,120,0,0,15,0,50,15,5,5,25,0,40,5,0,95,5,5,90,140,260,230,45,280,490,240,20,0,115,5,90,70,0,65,390,30,385,20,75,20,20,215,10,130,420,170,10,20,15,165,25,160,290
70,Chelmsford,1035,25,0,5,15,0,0,0,0,0,30,0,90,0,0,10,0,40,20,0,0,10,5,15,0,0,150,0,10,85,165,285,275,80,555,420,350,30,0,140,5,135,130,0,65,475,75,580,25,135,20,15,255,5,115,385,275,25,30,15,125,25,160,260
71,Cheltenham,405,0,0,5,5,0,0,0,0,0,20,0,35,0,0,0,0,30,0,0,0,5,0,10,0,0,20,0,25,15,75,130,200,55,475,370,295,30,0,95,10,155,115,0,50,295,75,575,35,75,30,5,235,0,115,260,140,20,10,30,40,5,55,130
72,Cherwell,700,15,0,5,5,0,15,5,0,5,35,0,90,0,0,5,5,40,15,0,5,15,5,30,0,0,270,10,50,190,170,275,270,70,355,385,305,55,5,120,35,65,90,0,70,395,60,550,30,90,40,35,210,0,95,290,225,15,25,20,120,15,110,240
73,Cheshire East,1380,40,0,30,75,20,15,30,10,5,105,0,195,0,0,15,5,95,30,15,10,45,15,65,15,0,580,15,25,840,450,640,750,140,1120,1205,835,100,10,310,15,385,335,10,155,1145,185,1950,80,265,70,45,760,5,280,1030,725,60,70,65,370,60,370,750
74,Cheshire West and Chester,1060,20,10,20,60,5,5,10,5,5,50,0,150,0,0,10,0,55,20,5,5,10,15,35,5,0,395,10,20,605,370,455,575,105,745,860,615,35,10,205,10,245,230,0,140,770,165,1260,80,265,45,20,385,5,230,820,680,35,65,40,275,45,235,425
75,Chesterfield,365,15,0,10,0,5,10,0,0,5,30,0,95,0,0,15,5,25,15,10,0,0,0,20,0,0,5,0,0,15,55,185,100,20,120,295,100,5,0,45,0,45,45,0,30,190,20,130,20,40,5,5,115,0,90,280,110,5,10,10,75,15,115,165
76,Chichester,630,20,0,15,5,0,5,0,5,0,60,0,60,0,0,10,0,20,10,0,20,10,5,35,0,0,280,25,25,200,205,205,270,45,275,475,385,45,5,105,5,65,125,5,75,360,50,550,45,125,40,20,270,0,110,365,160,15,30,15,60,15,95,175
77,Chiltern,525,10,0,0,10,0,0,0,5,0,25,0,25,0,0,0,0,35,10,0,0,10,0,25,0,0,55,5,0,60,105,140,260,45,505,335,390,145,5,115,0,95,95,0,65,435,75,900,15,80,35,15,245,0,90,235,190,15,20,20,65,0,85,195
78,Chorley,440,5,0,5,5,0,0,0,0,0,35,0,75,0,0,0,0,20,10,0,0,5,5,20,0,0,100,0,5,115,120,230,125,40,195,320,170,15,0,70,0,55,45,0,35,250,40,275,10,35,10,5,130,0,85,290,145,10,10,10,125,5,100,185
79,Christchurch,255,0,0,5,0,0,0,0,0,0,10,0,25,0,0,0,0,20,5,0,15,0,25,5,0,0,0,10,0,5,45,65,75,20,105,175,65,5,0,40,0,30,45,0,15,110,10,100,20,25,15,0,60,0,25,105,60,5,15,10,30,0,35,70
80,City of London,135,10,0,0,25,0,0,0,5,5,5,0,0,0,0,0,0,25,0,0,5,15,0,10,5,10,5,5,5,0,40,35,850,40,875,440,785,115,10,135,220,1520,1415,25,250,470,685,1770,45,4075,140,40,920,0,105,190,190,90,105,70,20,5,100,395
81,Clackmannanshire,130,0,0,0,0,0,0,0,0,0,10,0,10,0,0,0,0,5,0,0,0,5,0,5,0,0,5,0,5,35,35,25,40,20,55,100,35,5,0,10,5,5,5,0,15,40,5,70,15,10,0,0,30,0,20,115,45,0,0,0,30,0,15,30
82,Colchester,900,10,0,10,15,5,5,5,5,0,40,0,60,0,0,0,0,30,15,0,10,20,5,30,0,0,160,30,10,50,120,260,250,60,395,475,300,30,5,130,25,120,120,0,75,440,65,490,10,90,40,5,265,5,180,405,190,30,35,20,105,20,125,260
83,Coleraine,200,0,0,0,0,0,0,0,0,0,15,0,25,0,0,0,0,5,0,0,0,0,0,0,5,0,15,0,0,525,80,95,15,5,25,205,35,0,0,15,5,20,25,0,65,70,10,25,20,10,0,0,70,0,40,165,30,0,0,5,30,5,20,55
84,Conwy,415,0,0,5,5,0,0,0,0,0,20,0,45,0,0,5,0,5,10,0,0,10,0,5,0,0,15,10,15,650,125,180,135,25,95,405,160,15,15,45,10,50,25,0,65,175,10,150,200,40,10,5,90,5,135,370,125,5,10,15,75,10,65,120
85,Cookstown,305,0,0,0,0,0,0,5,0,0,30,0,50,0,0,0,0,5,5,0,0,0,0,0,10,0,25,5,0,865,35,100,5,0,15,115,20,0,0,5,15,10,20,0,20,35,0,10,5,10,0,0,85,0,35,130,20,0,5,0,60,0,30,35
86,Copeland,230,5,0,0,0,0,0,0,0,0,5,0,45,0,0,5,0,0,0,0,0,0,0,5,0,0,180,10,5,270,50,65,175,15,50,140,135,0,5,45,5,5,5,0,25,80,5,115,50,15,0,5,30,0,45,205,370,0,0,0,50,0,20,20
87,Corby,165,10,0,10,10,0,0,0,5,0,15,0,45,0,0,5,0,20,15,5,0,0,0,5,0,0,5,0,0,5,30,115,65,10,65,125,70,5,0,15,0,10,25,0,25,100,25,95,5,15,10,0,35,0,50,100,50,0,10,0,225,5,65,65
88,Cornwall,2615,40,0,20,20,20,10,45,30,10,140,0,220,5,0,10,15,90,50,25,60,60,30,115,25,0,1755,355,35,2160,600,825,650,165,455,2135,905,90,35,310,110,185,275,40,240,1055,70,700,690,285,105,30,730,5,480,1665,460,35,110,55,330,65,330,650
89,Cotswold,500,10,0,0,5,5,0,5,0,0,65,0,50,0,0,0,0,20,10,0,0,15,5,15,5,0,365,0,60,330,245,160,195,35,280,435,330,35,0,90,15,65,100,0,55,275,45,600,70,95,35,5,225,0,80,290,160,15,20,30,70,10,55,180
90,County Durham,1530,30,0,20,30,10,20,15,10,0,110,0,245,0,0,25,5,50,50,30,5,20,10,50,20,5,635,10,25,685,355,620,410,90,335,1020,415,20,10,225,25,120,155,0,180,630,55,585,85,145,30,35,285,5,280,1325,505,35,40,10,495,65,285,405
91,Coventry,755,30,0,40,10,5,20,5,0,0,35,0,225,0,0,30,0,45,35,20,0,40,0,35,0,0,20,5,5,15,85,370,385,50,725,645,335,25,5,155,5,115,135,0,115,615,75,550,15,75,45,45,215,5,225,690,515,40,30,15,385,15,275,355
92,Craigavon,325,0,0,0,10,5,0,10,0,0,20,0,45,0,0,5,0,5,15,0,0,10,5,0,0,0,40,10,0,385,80,115,20,15,40,250,50,0,0,10,0,35,30,0,75,75,5,35,10,35,0,5,95,0,75,250,25,0,5,5,75,15,55,105
93,Craven,330,5,0,0,10,0,0,5,0,0,30,0,30,0,0,5,0,20,5,0,0,0,0,10,0,0,325,0,15,415,95,90,80,15,95,270,110,5,5,40,5,30,20,0,40,135,15,150,55,40,15,5,135,0,50,215,70,5,5,10,75,0,35,110
94,Crawley,320,10,0,0,10,0,5,0,0,0,0,0,40,0,0,0,0,15,0,0,0,0,10,10,0,0,0,0,0,0,40,110,150,55,265,175,110,0,0,60,15,40,65,0,25,210,55,240,5,40,20,5,55,5,45,155,100,20,55,30,60,5,125,145
95,Croydon,1570,30,0,0,15,0,10,5,10,5,40,0,85,0,0,5,0,80,5,5,0,25,5,30,5,0,5,10,5,0,115,365,555,175,1400,940,720,110,0,245,0,170,260,0,165,1055,155,1105,40,120,60,15,320,10,435,770,435,45,40,55,150,40,190,585
96,Dacorum,870,15,0,0,15,0,10,0,5,0,35,0,60,0,0,0,5,50,10,0,0,10,5,35,0,0,60,0,10,50,125,220,275,60,760,365,455,140,0,140,5,65,115,0,85,450,140,835,15,80,60,10,230,0,115,305,235,40,25,20,140,20,125,285
97,Darlington,315,0,0,5,0,0,0,5,0,0,15,0,30,0,0,0,0,10,5,0,5,5,5,5,0,0,80,0,0,85,55,160,95,25,125,265,125,5,0,65,0,35,60,0,30,195,25,170,15,25,5,0,70,5,80,295,160,10,10,5,75,15,50,85
98,Dartford,615,5,0,5,10,5,10,0,0,0,5,0,65,0,0,5,0,25,5,0,0,5,0,15,0,0,20,0,0,0,45,155,135,40,260,230,125,10,0,55,0,40,55,0,35,255,40,245,5,35,10,5,95,0,80,200,120,10,30,0,130,25,90,165
99,Daventry,375,10,0,25,20,0,0,0,5,0,20,0,80,0,0,0,0,5,10,5,10,5,0,20,0,0,260,0,10,185,140,170,155,35,195,170,175,10,0,90,0,45,55,0,45,225,25,410,10,85,10,5,170,5,70,190,185,10,20,5,170,20,110,180
100,Denbighshire,375,10,0,10,5,0,0,0,0,0,25,0,35,0,0,10,0,5,5,0,0,10,0,10,5,0,10,0,25,545,135,140,105,25,120,310,90,5,0,50,5,30,20,0,40,180,15,110,55,40,5,5,85,0,125,340,85,5,5,10,80,20,65,65
101,Derby,705,15,0,10,5,5,0,0,0,5,40,0,110,0,0,0,5,35,20,10,0,20,5,35,0,0,15,10,5,5,65,300,285,70,375,585,320,15,0,150,0,105,115,0,95,475,65,385,30,75,25,15,230,65,185,545,310,20,20,15,180,30,185,255
102,Derbyshire Dales,360,5,0,5,5,0,0,0,0,0,30,0,65,0,0,5,0,10,10,0,0,5,0,30,5,0,295,0,10,570,125,140,105,25,160,355,155,10,10,65,5,35,40,0,45,135,15,290,65,65,15,10,205,5,60,330,150,10,10,5,155,15,75,110
103,Derry,335,0,0,0,0,10,0,0,5,0,25,0,20,0,0,0,0,10,5,0,0,5,0,5,5,0,15,0,0,330,65,100,15,10,55,255,55,10,5,25,5,30,35,0,95,145,10,55,10,40,0,5,95,0,115,260,40,0,10,5,45,5,50,65
104,Doncaster,1010,5,0,15,20,0,5,5,0,5,55,0,125,0,0,15,5,40,30,5,0,20,5,40,5,0,215,15,5,95,165,420,730,70,180,655,260,20,0,145,5,80,115,0,75,430,60,325,25,90,20,0,240,15,170,720,245,30,25,15,415,60,200,260
105,Dover,390,5,0,10,0,0,0,0,0,0,15,0,45,0,0,0,0,15,5,5,5,0,0,5,0,0,120,5,0,60,60,135,95,15,100,255,140,25,0,70,0,35,35,10,35,180,20,190,40,50,15,25,75,0,105,285,85,5,55,10,85,15,35,120
106,Down,415,0,0,0,0,0,0,0,0,0,25,0,35,0,0,0,0,5,5,0,0,0,5,5,0,0,35,30,0,720,80,85,10,5,40,200,40,5,0,25,5,20,20,0,45,80,5,40,30,30,0,0,55,0,70,250,35,0,0,5,25,10,30,60
107,Dudley,1255,20,0,20,25,5,15,0,0,5,135,0,390,10,0,100,0,65,45,25,0,30,0,70,0,0,10,0,0,5,100,495,320,75,360,645,310,15,0,145,5,100,105,0,105,670,60,410,20,55,15,5,245,5,225,765,315,35,30,20,295,75,420,430
108,Dumfries and Galloway,585,5,0,0,5,0,0,10,0,0,50,0,90,0,0,0,0,15,5,5,0,5,0,10,0,0,75,65,125,1830,275,195,130,35,75,445,140,5,10,45,20,25,30,0,55,225,10,105,190,40,10,5,105,0,140,480,130,5,10,5,165,25,85,120
109,Dundee City,320,10,0,0,5,0,0,0,0,0,15,0,70,0,0,0,5,20,0,0,0,0,0,15,0,0,5,5,5,5,50,135,75,35,120,355,115,15,5,45,0,40,60,0,60,175,20,110,20,50,15,15,155,0,100,405,165,10,5,10,30,15,70,125
110,Dungannon,390,0,0,15,5,0,5,20,0,0,45,0,135,0,0,0,0,10,10,0,0,5,0,5,20,0,45,5,0,1205,95,135,15,10,25,145,35,5,0,15,5,15,25,0,40,70,5,25,5,20,5,0,70,0,55,215,45,5,0,5,105,5,55,80
111,Ealing,1750,30,0,15,30,5,15,20,20,0,70,0,100,0,0,5,5,60,15,5,5,55,0,60,0,0,0,20,10,0,105,415,700,165,1410,1100,1060,580,5,230,5,105,300,5,135,1110,155,1390,55,205,95,20,510,5,270,940,345,80,95,95,335,25,325,1115
112,East Ayrshire,345,0,0,5,0,0,0,0,5,0,25,0,35,0,0,0,0,10,0,0,0,15,5,10,0,0,25,0,15,420,90,145,60,30,70,250,90,5,0,15,5,15,20,0,25,175,10,95,20,25,0,0,85,0,55,345,140,5,5,0,85,10,80,70
113,East Cambridgeshire,545,10,0,10,10,5,0,0,0,0,25,0,55,0,0,0,0,10,0,5,5,5,5,15,0,0,350,0,0,95,150,170,120,30,195,190,180,5,0,70,5,30,40,0,40,180,25,235,5,50,30,20,120,0,60,160,120,15,20,10,115,25,60,120
114,East Devon,705,5,0,0,10,0,0,0,0,0,40,0,45,0,0,0,5,35,10,0,5,15,15,20,0,0,385,35,15,615,190,230,185,50,190,495,235,25,10,95,5,65,95,0,70,280,35,290,115,75,30,0,220,0,145,415,120,10,20,15,95,20,90,180
115,East Dorset,625,30,0,5,15,5,0,0,0,0,40,0,90,0,0,0,0,30,5,10,0,5,10,15,5,0,105,5,15,85,115,185,110,35,240,235,175,15,0,55,5,85,65,5,35,285,30,290,10,45,15,5,190,5,60,185,150,15,5,10,45,20,105,175
116,East Dunbartonshire,330,0,0,0,5,0,0,0,0,0,10,0,25,0,0,0,0,15,5,0,0,5,0,0,0,0,0,5,0,35,70,75,90,30,170,205,175,15,0,35,0,35,35,0,40,200,15,230,5,40,5,5,125,0,55,215,175,5,0,10,50,10,45,80
117,East Hampshire,715,25,0,5,10,5,10,0,0,5,55,0,65,0,0,5,0,25,15,5,0,0,10,30,0,0,150,0,25,120,135,215,220,50,500,325,325,40,5,115,0,60,95,0,60,395,55,680,20,95,45,5,245,0,110,260,250,20,20,15,70,25,120,215
118,East Hertfordshire,915,25,0,0,15,0,10,0,0,0,45,0,85,0,0,5,10,75,25,0,5,5,10,20,0,0,145,0,10,70,165,255,330,80,535,390,485,60,5,150,0,125,170,0,60,395,120,785,30,95,45,30,310,0,110,400,220,35,35,25,115,35,140,315
119,East Lindsey,570,0,0,5,5,0,10,10,0,0,35,0,85,0,0,5,0,30,15,5,0,15,5,15,0,0,730,30,15,395,180,230,130,35,80,555,125,5,5,65,5,30,40,0,75,220,20,115,140,75,10,0,145,0,90,500,125,0,10,5,135,30,70,170
120,East Lothian,320,0,0,0,5,0,0,0,0,0,20,0,20,0,0,0,0,10,0,0,0,0,0,5,0,0,90,35,15,160,95,90,95,40,160,255,135,20,10,40,5,35,30,0,30,135,20,235,35,20,20,10,85,0,75,215,75,5,5,5,60,10,25,55
121,East Northamptonshire,485,5,0,5,10,0,0,0,0,20,20,0,35,0,0,0,0,20,10,10,0,10,5,15,0,0,175,0,0,80,95,150,150,30,135,220,165,5,0,95,5,50,55,0,25,195,30,305,15,55,10,0,95,0,70,200,105,5,20,0,200,10,100,135
122,East Renfrewshire,240,0,0,0,0,0,0,0,0,0,10,0,20,0,0,0,0,5,0,0,0,10,0,10,0,0,0,5,0,60,65,60,105,30,145,200,125,15,0,25,0,30,35,0,35,200,15,250,5,25,10,0,135,0,35,180,120,5,0,5,30,0,20,105
123,East Riding of Yorkshire,1510,15,5,30,45,5,20,30,5,5,125,0,220,5,0,5,10,55,20,15,15,20,30,40,20,0,1280,105,15,635,350,530,440,85,380,890,500,35,5,185,35,135,165,10,105,655,60,715,135,175,30,15,485,5,265,980,440,20,85,25,410,70,240,410
124,East Staffordshire,490,10,0,0,15,0,5,0,0,0,25,0,95,5,0,5,0,15,10,0,0,5,0,15,5,0,200,0,0,275,105,170,135,35,180,290,140,5,0,70,5,55,60,0,45,235,30,270,30,40,15,5,145,15,85,305,140,20,30,15,190,15,95,165
125,Eastbourne,380,0,0,0,10,0,5,0,0,0,15,0,25,0,0,0,0,25,0,5,0,10,0,10,0,0,5,15,0,10,55,90,125,50,125,325,155,20,5,60,0,40,85,0,40,250,30,160,50,35,25,0,90,0,95,180,65,5,5,10,35,0,35,85
126,Eastleigh,770,25,0,5,5,5,0,0,0,0,10,0,95,0,0,5,0,25,10,0,40,5,15,15,0,0,25,0,0,25,85,170,185,65,345,270,225,25,0,90,0,70,80,10,55,330,50,345,15,55,15,10,130,0,70,220,215,30,45,10,90,10,160,240
127,Eden,345,0,0,0,5,0,0,0,5,0,20,0,35,0,0,0,0,5,0,0,0,0,0,5,0,0,540,0,20,750,155,105,60,15,40,220,85,15,0,55,0,20,15,0,20,100,5,110,85,50,5,0,90,0,50,195,55,0,5,15,115,10,35,45
128,"Edinburgh, City of",1010,20,0,5,25,10,0,5,20,5,55,0,45,0,0,0,5,65,15,0,0,35,0,50,0,5,25,50,40,55,275,285,650,170,1740,1590,1055,130,25,260,50,515,565,10,330,1020,165,1805,255,545,115,80,850,0,475,1225,505,40,45,95,105,20,190,475
129,Eilean Siar,100,0,0,0,0,0,0,0,0,0,5,0,25,0,0,0,0,0,0,0,5,20,0,0,0,0,0,150,0,140,15,50,40,5,10,75,40,5,0,10,10,0,0,5,20,30,0,20,45,5,5,0,15,0,25,75,55,0,0,5,30,0,0,5
130,Elmbridge,515,5,0,0,15,5,10,0,0,0,20,0,35,0,0,0,0,25,0,0,0,10,0,30,0,0,15,0,5,10,155,155,395,70,830,435,645,220,0,125,0,110,195,5,70,645,165,1440,15,90,45,10,370,0,120,300,270,15,25,40,80,5,115,270
131,Enfield,1450,20,0,0,15,10,0,10,5,5,35,0,55,0,0,0,0,60,5,0,0,85,0,30,0,0,20,20,5,0,120,360,555,145,835,860,605,140,0,160,0,125,310,0,95,950,125,810,25,130,55,5,450,0,335,745,215,30,55,45,240,40,180,785
132,Epping Forest,1130,10,0,5,10,0,5,5,0,0,55,0,75,0,0,10,0,35,5,0,0,15,5,30,0,0,175,5,5,45,140,225,285,70,370,460,330,35,0,115,5,105,160,5,65,455,95,525,20,65,30,5,445,5,95,350,170,30,30,20,140,30,115,335
133,Epsom and Ewell,445,0,0,0,0,0,0,0,0,0,5,0,5,0,0,0,0,10,0,0,0,0,0,0,0,0,0,5,0,0,75,75,165,40,325,200,210,55,0,60,0,45,60,0,30,260,50,400,5,30,25,5,105,5,60,140,140,20,10,15,50,15,35,110
134,Erewash,480,10,0,5,5,0,5,0,0,0,80,0,95,0,0,10,0,45,25,5,0,40,0,10,0,0,40,0,0,40,65,200,110,30,140,250,170,5,0,45,5,40,45,0,30,180,25,165,10,25,5,0,145,5,70,265,125,15,10,0,80,15,125,115
135,Exeter,405,10,0,0,0,0,5,0,0,0,20,0,25,0,0,0,0,20,5,0,0,5,0,15,0,0,15,5,0,10,55,155,120,40,180,350,230,10,0,95,0,100,95,0,75,285,35,220,35,115,25,5,165,0,115,235,85,10,20,10,35,10,80,140
136,Falkirk,410,5,0,5,10,0,0,0,0,0,60,0,65,0,0,0,0,5,5,0,0,5,0,5,0,0,10,0,0,95,95,170,125,45,205,300,135,5,0,40,0,35,40,0,30,200,10,210,25,25,10,5,65,0,55,355,295,5,25,5,115,20,75,85
137,Fareham,640,25,0,5,5,0,5,0,0,0,5,0,70,0,0,5,0,20,15,5,25,10,20,15,0,0,35,0,0,5,70,150,165,45,290,250,185,15,0,100,5,70,70,5,35,295,35,320,5,45,15,10,135,0,75,200,205,25,30,5,65,15,85,120
138,Fenland,515,0,0,10,10,0,5,0,0,0,20,0,80,0,0,0,0,15,5,5,0,5,5,20,0,0,350,0,0,70,75,175,75,25,105,220,80,0,0,30,10,30,40,0,30,115,35,110,20,35,10,5,80,0,55,245,75,5,15,0,155,30,85,115
139,Fermanagh,380,5,0,0,0,0,0,5,5,0,35,0,40,0,0,0,0,5,0,0,0,5,0,5,10,0,20,0,5,1980,115,160,15,15,15,180,40,0,0,15,20,25,20,0,45,80,0,35,40,15,0,0,120,0,65,295,35,0,5,10,65,5,60,75
140,Fife,995,35,0,5,20,0,15,10,5,5,80,0,165,0,0,20,5,30,10,20,15,15,5,40,0,0,135,140,20,410,280,360,265,95,410,785,340,15,5,100,10,90,95,5,120,440,45,525,135,100,5,20,195,5,195,850,580,15,20,25,175,35,170,240
141,Flintshire,550,10,0,10,25,0,0,0,5,0,40,0,85,0,0,10,0,30,15,0,0,5,25,20,10,0,20,0,5,320,110,250,150,55,195,310,175,5,0,75,20,55,60,0,45,200,20,285,55,65,15,5,125,0,125,365,230,5,25,10,185,30,115,140
142,Forest Heath,270,10,0,0,5,0,10,5,0,5,20,0,30,0,0,0,0,5,0,0,0,5,5,10,0,0,170,0,0,65,280,105,65,20,70,185,100,15,0,35,0,25,35,0,25,100,15,65,15,25,15,5,65,0,40,130,40,5,10,5,45,5,40,60
143,Forest of Dean,410,10,0,0,5,0,0,0,0,0,30,0,75,0,0,0,0,15,15,10,0,10,0,10,0,0,270,0,15,280,105,160,110,25,130,195,140,10,10,65,5,25,35,0,35,140,15,205,35,40,15,10,100,0,85,260,110,10,20,0,135,20,65,85
144,Fylde,275,0,0,0,0,0,0,0,0,0,20,0,20,0,0,0,0,20,5,5,0,0,10,10,0,0,55,10,0,130,60,110,90,30,190,285,120,10,0,70,5,45,60,0,40,175,25,240,45,45,20,5,130,0,60,190,105,5,15,5,60,10,40,110
145,Gateshead,550,10,0,0,20,0,15,0,0,0,30,0,110,0,0,10,0,30,15,5,0,10,5,20,0,0,30,5,0,25,65,225,200,55,195,435,195,25,0,100,0,55,95,0,60,260,30,220,15,40,15,15,185,5,120,490,220,20,25,10,105,20,135,235
146,Gedling,535,0,0,0,15,0,5,0,0,0,30,0,45,0,0,0,0,25,5,0,0,10,0,15,0,0,50,5,0,30,45,145,110,35,140,235,140,5,0,55,0,40,50,0,35,215,20,165,10,25,10,5,125,5,70,230,110,15,5,10,70,10,90,120
147,Glasgow City,1190,30,0,10,25,5,10,10,15,5,85,0,165,0,0,10,10,100,25,20,5,50,0,80,5,0,5,35,15,0,210,435,570,165,915,1805,975,280,15,240,5,290,380,10,275,1100,155,1030,140,395,75,40,895,5,475,1740,640,35,55,45,160,60,310,705
148,Gloucester,475,10,0,5,15,0,0,0,0,0,10,0,65,0,0,10,0,10,10,5,0,0,0,15,0,0,5,0,0,0,55,160,100,30,255,290,125,5,0,60,0,45,45,0,60,220,45,175,5,35,10,0,95,0,130,260,125,15,15,5,90,15,105,105
149,Gosport,260,0,0,0,0,0,0,0,0,0,10,0,45,0,0,0,0,10,10,0,15,5,25,5,0,0,0,5,0,0,50,70,55,30,85,195,75,0,0,25,0,10,25,5,25,120,10,95,5,5,5,0,45,0,40,145,80,20,10,5,30,5,45,55
150,Gravesham,610,0,0,0,0,0,5,0,0,0,10,0,60,0,0,0,0,20,5,0,0,5,0,20,5,0,20,0,0,15,55,130,135,50,170,215,145,5,0,45,5,30,55,5,25,175,50,170,5,20,10,5,75,5,70,245,120,0,20,10,145,5,90,85
151,Great Yarmouth,320,5,0,0,5,0,5,0,0,0,15,0,65,0,0,0,0,10,0,0,10,5,0,5,5,15,75,20,0,40,35,105,135,40,50,350,115,0,0,15,0,15,15,0,45,170,20,100,75,50,5,5,75,5,70,270,250,5,25,5,50,5,55,70
152,Greenwich,815,10,0,5,5,0,0,0,5,0,15,0,50,0,0,0,0,70,5,5,0,15,0,20,0,0,0,10,0,0,75,140,360,95,930,565,555,130,5,175,0,70,150,10,105,575,90,945,15,95,45,10,140,5,245,515,195,30,40,25,100,25,85,345
153,Guildford,705,20,0,5,15,0,5,0,0,0,35,0,40,0,0,10,0,25,5,0,0,10,5,10,0,5,60,0,15,35,170,210,295,60,705,345,440,75,5,145,15,105,150,0,90,465,110,1005,35,120,55,30,255,0,100,250,275,20,30,20,60,15,85,235
154,Gwynedd,590,5,0,5,0,0,0,15,5,0,25,0,40,0,0,5,0,15,5,0,10,10,0,15,15,0,35,35,25,1150,170,195,135,20,85,475,175,40,5,50,20,20,35,5,75,180,10,95,245,55,15,10,115,0,90,450,100,5,15,15,85,15,70,105
155,Hackney,470,5,0,0,15,10,5,5,10,25,55,5,20,0,0,0,5,100,5,5,0,100,0,40,0,0,0,20,0,0,65,115,700,85,1295,1135,2450,895,10,215,35,115,415,0,200,650,175,1475,45,195,190,20,945,0,340,740,205,65,35,55,80,10,100,660
156,Halton,355,15,0,5,50,0,0,5,0,0,10,0,55,0,0,10,0,15,10,5,0,5,10,20,0,0,10,0,0,15,45,130,145,40,155,190,110,5,0,70,0,35,45,0,30,200,30,160,5,20,0,20,105,5,80,250,190,15,35,0,185,30,95,115
157,Hambleton,420,10,0,5,10,0,5,10,0,0,45,0,80,0,0,0,0,20,5,0,0,5,0,15,0,0,690,5,10,655,215,190,130,40,90,305,170,10,10,70,10,40,65,0,35,185,25,280,45,80,5,5,175,0,80,305,205,5,20,15,80,20,95,120
158,Hammersmith and Fulham,520,10,0,0,15,0,10,5,15,10,35,0,30,0,0,0,5,30,10,0,0,45,0,30,0,0,5,5,5,0,125,140,665,85,910,925,1350,635,10,190,30,135,355,5,135,970,195,1645,65,230,165,25,380,0,200,525,265,50,25,100,80,10,80,495
159,Harborough,430,10,0,15,10,0,5,5,0,0,35,0,55,0,0,5,0,25,5,5,0,20,0,20,0,0,285,0,10,290,120,180,180,45,205,310,200,15,0,100,5,160,70,0,35,270,45,420,10,85,20,5,230,0,70,265,145,10,25,10,115,15,100,190
160,Haringey,785,10,0,5,15,5,0,10,15,10,25,0,35,0,0,0,0,45,15,0,0,110,0,25,0,0,0,20,5,0,95,165,530,105,765,870,1235,515,5,175,0,60,260,5,105,710,120,935,30,185,85,20,360,5,255,735,160,30,40,40,115,20,135,565
161,Harlow,450,5,0,0,5,5,5,0,0,0,30,0,30,0,0,5,0,25,5,0,0,5,5,15,0,0,0,5,0,0,15,95,85,45,150,150,125,10,0,55,0,25,35,0,35,165,30,115,0,15,10,5,60,0,55,125,55,15,20,0,125,5,90,130
162,Harrogate,700,5,0,0,30,0,5,10,15,5,90,0,60,0,0,5,5,45,15,0,0,25,0,40,5,0,530,10,25,555,250,310,305,75,390,670,425,35,5,160,15,145,165,0,70,445,115,860,75,135,35,10,395,0,145,445,200,25,30,20,140,10,135,330
163,Harrow,1195,15,0,0,30,5,0,0,10,0,10,0,40,0,0,0,0,50,5,0,0,15,0,20,0,0,5,20,0,0,85,315,495,85,1595,725,585,90,0,205,0,165,350,5,85,1265,115,1110,30,190,75,25,730,5,250,655,300,60,50,75,215,25,170,725
164,Hart,490,15,0,0,0,0,0,0,0,0,10,0,40,0,0,5,5,25,0,0,0,5,10,10,0,0,55,0,0,35,95,180,175,40,620,230,260,40,0,90,0,60,60,0,45,340,55,660,20,40,35,10,130,0,70,185,180,20,20,5,55,15,80,125
165,Hartlepool,265,5,0,0,0,0,0,0,0,0,20,0,55,0,0,10,0,10,5,0,10,5,0,5,0,0,25,10,0,20,40,85,75,15,40,175,100,0,0,25,0,10,20,5,25,105,15,100,10,10,0,0,50,0,55,205,340,0,5,5,50,10,35,30
166,Hastings,385,15,0,5,10,0,0,0,0,0,10,0,30,0,0,0,0,25,0,0,0,5,0,15,0,0,0,20,5,0,30,90,95,15,115,260,165,30,0,35,0,20,45,0,30,165,25,115,30,30,25,0,65,0,90,210,65,5,5,0,30,5,30,100
167,Havant,740,20,0,5,0,0,5,0,0,0,15,0,85,0,0,10,0,20,15,0,20,5,15,15,0,0,15,10,0,5,60,160,125,55,240,285,185,10,5,75,0,50,60,0,35,250,40,255,10,20,15,10,105,0,95,190,145,20,20,5,50,5,70,135
168,Havering,1800,10,0,10,30,10,10,0,5,5,50,0,105,0,0,10,5,50,25,5,0,15,0,30,0,0,15,10,0,10,75,350,320,125,530,615,300,20,0,125,0,95,130,15,75,640,100,475,10,55,20,10,220,5,205,535,255,40,85,30,255,50,135,330
169,"Herefordshire, County of",935,25,0,15,15,0,5,20,10,0,90,0,160,5,0,15,0,35,30,20,0,15,0,45,10,0,1200,5,50,1145,400,360,285,60,280,585,350,30,0,175,20,65,105,0,75,455,45,455,100,150,40,25,345,0,160,525,195,25,35,20,165,35,145,285
170,Hertsmere,645,10,0,0,10,5,0,5,0,0,15,0,25,0,0,0,0,25,5,0,0,20,0,20,0,0,20,10,5,5,85,145,290,45,480,355,325,130,0,80,5,120,180,0,55,490,100,610,10,95,35,10,410,5,100,245,135,40,35,25,115,25,150,390
171,High Peak,360,15,0,10,5,0,5,0,0,0,25,0,75,0,0,10,0,20,25,10,0,0,0,15,0,0,105,0,5,185,75,145,140,20,150,295,160,25,0,60,0,45,35,0,30,200,10,215,50,35,15,5,105,0,90,290,155,5,10,10,135,15,75,130
172,Highland,1320,10,0,0,10,5,0,5,10,0,75,0,170,0,0,10,0,10,0,10,15,15,5,30,20,5,145,365,185,1565,320,380,310,55,145,720,400,25,35,90,40,55,90,35,140,415,35,305,535,80,30,15,275,5,210,675,610,15,50,25,200,35,125,120
173,Hillingdon,1375,30,0,0,25,5,10,5,10,0,40,0,105,5,0,15,0,45,20,5,0,15,10,25,0,0,10,5,5,15,100,400,440,130,1245,760,495,145,0,235,10,85,230,0,85,865,140,810,50,130,30,30,350,5,225,650,295,60,165,60,400,45,310,575
174,Hinckley and Bosworth,460,10,0,20,10,0,10,10,0,5,45,0,125,0,0,0,0,45,20,5,0,45,0,10,0,0,130,0,5,145,85,170,185,40,185,295,165,0,0,90,5,50,60,0,35,240,25,255,10,45,10,10,160,0,80,260,155,10,20,15,155,15,130,155
175,Horsham,720,35,0,5,15,0,15,0,5,0,50,0,100,0,0,10,5,50,15,0,0,15,15,30,5,0,220,10,15,180,200,240,260,70,535,360,345,55,0,130,25,100,105,0,65,460,85,790,40,80,55,20,245,0,100,285,255,25,45,20,80,25,160,255
176,Hounslow,905,15,0,0,10,5,5,0,10,5,40,0,60,0,0,0,0,45,10,5,0,15,0,20,0,0,5,15,0,0,135,305,530,90,1930,700,735,305,0,155,0,85,245,5,95,845,145,1185,35,155,70,20,300,5,195,560,295,55,165,75,320,20,250,635
177,Huntingdonshire,905,45,0,20,15,0,5,5,0,0,40,0,155,0,0,10,5,60,20,15,5,15,10,45,5,0,380,0,5,120,190,275,265,90,505,380,310,30,0,120,15,85,100,0,75,425,70,585,30,105,40,15,230,0,120,375,245,30,40,15,190,25,180,275
178,Hyndburn,240,0,0,10,5,0,0,0,0,0,35,0,60,0,0,5,0,30,15,5,0,5,0,10,0,0,20,0,0,35,35,130,70,10,50,185,60,0,0,20,0,40,35,0,20,170,5,55,5,15,0,0,55,5,55,230,50,0,5,5,75,15,55,115
179,Inverclyde,125,0,0,0,0,0,0,0,0,0,10,0,5,0,0,0,0,5,5,0,10,0,0,5,0,0,0,10,5,25,30,35,50,25,50,155,70,5,0,15,15,5,25,5,25,100,5,100,5,15,5,0,60,0,35,205,130,5,10,5,30,0,20,55
180,Ipswich,440,5,0,0,10,0,0,0,0,0,25,0,25,0,0,0,0,30,0,0,0,5,0,5,0,0,5,0,0,0,65,155,110,45,250,335,160,15,0,60,0,65,80,5,70,260,45,170,15,60,15,5,145,5,125,270,75,15,35,5,100,5,125,120
181,Isle of Wight,480,20,0,5,0,5,0,0,0,0,10,0,40,0,0,0,0,20,10,5,50,10,10,10,5,0,155,30,0,125,115,140,150,45,145,520,180,15,10,110,0,30,80,15,65,235,25,185,170,70,20,15,170,0,110,370,135,10,15,25,60,15,50,130
182,Isles of Scilly,10,0,0,0,0,0,0,0,0,0,0,0,0,0,0,0,0,0,0,0,0,0,0,0,0,0,25,10,0,5,0,0,5,0,0,15,0,0,0,0,0,0,0,10,5,0,0,0,20,0,0,0,5,0,0,20,0,0,0,0,0,0,0,0
183,Islington,540,15,0,5,15,5,0,15,5,15,50,0,40,0,0,0,5,80,5,0,0,60,0,60,0,0,5,20,0,0,90,110,905,90,1620,1170,2215,780,20,255,15,225,490,5,270,1000,290,2400,55,300,280,45,545,0,390,700,315,80,40,85,105,15,130,595
184,Kensington and Chelsea,295,5,0,0,15,0,5,5,10,15,10,0,10,0,0,0,0,20,0,0,0,60,0,40,5,0,20,10,5,5,105,75,765,70,500,1295,1515,400,15,175,15,240,735,5,145,840,210,1735,155,195,150,30,715,0,140,545,150,25,40,85,40,5,75,575
185,Kettering,475,5,0,0,0,5,0,0,5,10,25,0,60,5,0,10,0,40,10,5,0,5,0,10,0,0,80,0,0,50,60,160,140,35,170,250,110,0,0,60,5,35,60,0,30,210,15,215,15,35,15,0,100,0,65,215,80,15,20,10,190,20,135,125
186,King`s Lynn and West Norfolk,760,15,0,5,20,0,5,5,0,0,40,0,95,0,0,0,0,25,15,0,0,10,10,10,0,0,570,25,15,150,150,255,160,45,115,415,165,10,0,70,5,45,65,0,35,270,30,175,65,80,10,0,155,5,85,365,135,5,25,5,140,30,90,160
187,"Kingston upon Hull, City of",650,15,0,20,15,5,10,5,5,5,80,0,150,0,0,15,0,70,45,10,10,15,20,35,5,0,0,45,0,0,60,295,185,60,135,635,190,20,0,155,0,55,90,5,70,335,55,165,20,70,10,5,170,0,170,580,170,20,55,10,150,20,140,230
188,Kingston upon Thames,625,20,0,0,10,0,5,0,0,0,15,0,30,0,0,0,0,40,0,0,5,15,0,40,0,0,0,5,5,0,100,165,340,50,950,505,570,160,5,140,0,85,165,5,75,650,120,985,25,95,60,5,220,0,130,380,275,30,20,65,75,15,95,305
189,Kirklees,1500,30,0,20,45,5,25,20,10,5,205,0,310,10,0,45,5,80,50,35,0,140,5,100,15,0,130,10,10,200,230,700,465,105,570,1195,520,50,0,240,15,180,185,0,135,890,105,785,40,145,50,5,445,5,305,1185,335,25,50,30,345,75,400,700
190,Knowsley,410,5,0,5,10,10,10,0,0,0,40,0,80,0,0,5,0,20,10,0,0,10,0,15,0,0,25,0,0,10,35,90,240,35,90,175,150,0,0,35,0,40,35,0,25,185,20,145,0,35,0,5,55,0,60,260,120,5,15,5,130,25,70,75
191,Lambeth,640,20,0,0,10,0,10,0,0,5,30,0,35,0,0,0,0,30,0,0,0,30,0,30,0,0,0,10,0,0,90,145,4500,145,1150,925,1965,605,10,235,5,110,260,5,200,880,230,2445,45,165,140,15,335,0,365,655,270,40,25,60,85,10,115,450
192,Lancaster,485,5,0,5,10,0,0,5,0,0,25,0,75,0,0,0,0,15,10,0,0,15,0,15,0,0,195,10,10,280,115,180,135,30,155,395,165,10,0,85,5,45,40,0,60,215,30,205,80,40,10,5,125,0,125,350,155,15,15,10,115,25,70,150
193,Larne,105,0,0,0,0,0,0,0,0,0,0,0,10,0,0,0,0,0,0,0,0,0,0,0,0,0,10,5,0,365,20,55,0,5,10,80,20,0,0,10,15,5,5,0,30,25,0,20,5,5,0,0,20,0,20,85,30,0,0,0,45,10,0,5
194,Leeds,2340,55,0,45,65,10,50,20,20,15,145,0,310,0,0,40,10,275,65,40,0,100,15,140,10,0,170,20,20,130,395,860,1445,235,1520,2040,1510,170,5,340,20,505,595,0,295,1600,415,1950,65,750,100,45,1270,5,500,1675,775,80,130,65,830,85,715,1115
195,Leicester,545,25,0,10,5,5,15,15,25,5,50,0,140,5,0,25,0,130,45,15,0,485,0,65,0,0,5,10,0,0,55,445,375,60,410,1030,395,30,5,165,0,575,170,0,145,745,70,410,20,150,35,15,380,0,325,875,160,40,35,30,395,30,275,715
196,Lewes,480,10,0,5,10,0,0,5,5,0,60,0,50,0,0,0,0,25,5,0,10,5,0,25,0,0,80,30,5,70,85,140,165,35,225,300,330,60,5,80,5,35,65,0,40,250,30,330,25,65,30,5,130,0,90,230,100,15,25,15,60,25,60,165
197,Lewisham,695,5,0,0,5,0,5,0,0,10,30,0,25,0,0,5,0,45,0,0,0,35,0,20,0,0,0,10,0,0,60,165,430,100,940,705,870,290,10,175,0,65,155,0,95,620,95,895,10,90,60,0,110,0,325,585,175,30,30,20,90,35,110,270
198,Lichfield,520,5,0,5,5,0,5,0,0,0,25,0,80,0,0,10,0,25,15,5,0,10,0,20,0,0,140,0,0,105,110,190,185,40,190,290,185,15,0,75,10,60,80,0,40,305,40,375,15,50,15,5,220,5,70,265,165,20,20,10,120,20,110,190
199,Limavady,245,0,0,0,0,0,0,0,0,0,20,0,20,0,0,0,0,0,0,0,0,0,0,0,5,0,15,0,0,395,35,45,5,0,10,70,10,0,0,5,0,5,15,0,10,35,0,15,10,5,0,0,30,0,20,90,10,0,0,0,20,0,5,20
200,Lincoln,285,0,0,0,0,0,0,0,0,0,5,0,30,0,0,0,0,30,10,0,0,0,10,10,0,0,10,0,0,5,40,140,70,25,85,285,115,10,0,50,0,35,55,0,35,180,20,95,25,35,5,5,85,0,60,220,75,10,0,5,65,5,50,70
201,Lisburn,440,15,0,0,10,5,5,15,0,0,25,0,70,0,0,0,0,10,15,5,0,5,5,15,5,0,30,10,0,525,135,170,35,35,80,305,75,5,0,30,5,60,35,0,85,175,5,105,15,35,5,5,185,0,90,240,70,5,10,5,85,10,130,155
202,Liverpool,980,10,0,10,35,5,5,10,5,0,65,0,110,0,0,0,5,65,20,5,10,25,10,35,0,0,0,10,5,0,125,335,605,120,465,1125,600,70,5,240,5,270,310,5,165,775,100,710,60,555,40,30,460,5,335,1190,330,30,95,20,290,35,170,465
203,Luton,710,30,0,15,5,5,5,0,0,0,5,0,80,0,0,5,0,35,15,0,0,20,10,20,0,0,0,10,0,0,40,250,225,75,410,385,220,20,0,115,0,40,125,5,60,440,80,295,20,65,10,5,215,0,160,405,150,35,40,35,260,5,120,270
204,Magherafelt,520,0,0,0,5,0,0,0,0,0,45,0,70,0,0,0,0,5,5,0,0,5,0,0,10,0,5,5,5,815,65,105,10,0,10,105,20,0,0,10,10,5,15,0,25,50,5,30,5,10,0,0,60,0,35,175,15,0,0,0,75,5,30,30
205,Maidstone,1110,20,0,10,20,10,5,0,5,5,35,0,75,0,0,5,5,65,10,5,0,10,5,15,0,0,200,0,10,95,145,270,215,75,315,390,345,45,0,105,0,90,85,0,55,455,70,505,15,90,35,5,210,0,110,340,220,20,35,15,150,25,175,280
206,Maldon,520,20,0,5,5,0,0,5,0,0,25,0,70,0,0,0,0,20,10,0,15,5,0,15,0,0,125,10,0,65,70,135,95,50,140,215,145,10,5,40,0,45,35,15,25,160,25,180,20,35,0,0,105,5,50,170,140,0,30,5,65,20,65,115
207,Malvern Hills,335,15,0,10,5,5,5,0,0,0,35,0,55,0,0,5,0,30,20,0,0,5,0,20,0,0,355,5,10,280,135,130,135,25,195,215,170,30,0,65,5,35,50,0,25,235,20,320,35,60,25,15,185,0,70,240,105,5,10,10,45,5,90,165
208,Manchester,675,45,0,15,40,5,15,15,20,5,50,0,95,5,0,0,10,65,35,10,0,140,15,40,0,0,0,20,0,0,120,380,750,120,965,1590,975,260,15,290,20,250,490,5,240,1245,265,1220,90,1025,85,50,900,5,340,1160,420,90,100,85,225,60,260,1565
209,Mansfield,405,0,0,5,0,5,0,0,5,0,20,0,50,0,0,5,0,20,20,0,0,15,0,10,0,0,10,0,0,5,30,170,90,25,90,210,85,5,0,35,0,45,35,0,25,170,20,90,5,25,5,0,75,0,65,260,50,5,10,0,85,5,60,100
210,Medway,1380,10,0,5,20,0,10,0,0,0,35,0,135,0,0,10,0,45,10,5,5,25,5,20,0,0,35,5,5,15,115,310,300,80,385,575,300,30,0,155,0,70,105,10,80,505,70,430,15,70,25,10,155,15,210,510,270,30,55,5,185,30,215,275
211,Melton,260,0,0,0,5,0,0,0,0,0,10,0,30,0,0,0,0,10,5,5,0,0,0,15,0,0,175,0,10,185,110,90,95,15,70,155,105,10,0,40,5,25,30,0,20,105,10,185,5,40,0,5,75,0,35,120,55,5,10,0,70,5,40,75
212,Mendip,660,20,0,0,15,0,0,10,10,10,50,0,80,0,0,5,0,25,5,5,0,5,5,45,15,0,285,0,10,480,140,205,170,45,220,365,260,35,5,95,55,50,70,0,50,220,25,345,70,70,30,5,200,0,85,320,130,20,10,10,140,20,50,175
213,Merthyr Tydfil,190,0,0,0,0,0,0,0,0,0,5,0,15,0,0,0,0,10,0,0,0,0,5,0,0,0,0,0,0,15,15,55,45,15,20,105,20,0,0,15,0,5,5,0,15,60,5,35,5,5,5,0,20,0,45,165,30,5,5,0,40,0,15,40
214,Merton,985,25,0,0,20,5,0,0,5,0,35,0,55,0,0,5,0,60,15,0,0,20,0,35,0,0,0,10,0,5,110,215,610,135,1085,590,795,155,0,180,0,110,230,5,105,865,135,1340,20,120,75,15,295,5,185,405,275,30,35,50,140,20,160,430
215,Mid Devon,460,0,0,10,10,0,0,0,10,0,35,0,80,0,0,0,0,20,5,0,0,5,5,5,5,0,545,0,25,820,180,155,95,15,100,200,130,10,0,50,5,30,35,0,45,185,15,140,30,45,10,0,95,0,65,200,90,5,0,5,95,10,50,115
216,Mid Suffolk,585,10,0,5,10,0,5,10,0,0,45,0,75,0,0,0,0,20,5,0,0,5,10,10,0,0,510,0,20,225,140,230,145,35,160,220,180,20,10,70,10,50,55,0,50,240,15,330,20,90,15,5,135,0,85,220,115,10,45,10,120,20,85,150
217,Mid Sussex,755,30,0,5,20,0,5,0,5,0,40,0,65,0,0,10,0,35,5,10,0,5,5,15,0,0,105,10,20,90,150,185,290,60,545,430,435,55,0,135,15,135,145,0,85,485,105,725,25,90,50,15,225,0,95,315,245,15,40,35,65,20,120,245
218,Middlesbrough,325,5,0,0,5,0,0,0,5,0,15,0,60,0,0,5,0,5,10,0,5,10,0,5,0,0,5,5,0,5,30,110,115,20,70,250,155,10,0,60,0,25,50,0,25,150,40,130,10,75,0,5,60,0,90,275,390,15,15,5,50,15,45,95
219,Midlothian,295,0,0,0,0,0,0,5,0,0,25,0,45,0,0,0,0,15,5,0,0,0,0,5,0,0,20,5,5,75,80,115,50,30,125,135,95,5,0,20,0,30,20,0,30,130,15,140,20,10,10,20,60,0,45,175,70,5,10,10,50,5,35,55
220,Milton Keynes,920,45,0,20,25,0,15,10,0,5,40,0,100,0,0,10,5,50,25,5,0,10,5,35,0,0,95,5,0,55,155,350,460,90,1665,530,490,55,10,195,5,155,235,0,135,795,190,1125,30,105,60,15,315,15,220,430,365,50,55,25,265,20,305,460
221,Mole Valley,520,15,0,0,15,0,0,0,5,0,20,0,30,0,0,0,5,25,5,0,0,10,0,20,0,0,60,5,10,70,130,165,215,40,465,260,335,70,0,80,0,110,110,5,45,350,65,680,15,55,40,10,205,0,70,215,225,20,15,20,60,0,75,175
222,Monmouthshire,360,10,0,5,10,0,0,5,5,0,20,0,45,0,0,0,0,15,0,0,0,15,10,25,0,0,45,0,10,640,155,160,130,20,195,265,180,30,5,60,5,35,60,0,30,220,20,295,50,55,15,10,115,0,80,280,130,20,15,15,100,20,75,100
223,Moray,390,5,0,0,0,0,0,0,10,0,20,0,45,0,0,0,0,5,0,0,5,5,5,5,0,0,50,100,55,445,105,135,90,25,50,215,95,5,0,30,10,30,20,0,25,110,10,85,85,10,0,0,70,0,50,240,175,5,10,0,75,5,45,50
224,Moyle,90,0,0,0,0,0,0,0,0,0,0,0,5,0,0,0,0,0,0,0,0,0,0,0,0,0,5,10,0,390,20,20,5,0,10,50,0,0,0,5,0,0,0,0,10,15,0,5,10,5,0,0,5,0,10,55,5,0,0,0,10,0,0,0
225,Neath Port Talbot,405,0,0,0,0,0,0,0,0,0,15,0,75,0,0,10,0,10,10,0,0,10,5,10,0,0,5,5,5,110,75,135,105,35,70,250,90,15,0,30,0,25,20,0,35,175,15,80,15,35,5,0,45,0,90,385,105,0,10,5,110,20,45,75
226,New Forest,960,25,0,10,20,5,5,5,0,0,45,0,90,0,0,10,0,25,35,5,35,10,10,35,5,0,170,30,30,145,175,305,245,55,365,555,370,75,10,160,5,100,165,20,85,475,50,555,75,75,35,10,335,10,155,425,325,20,45,25,130,20,135,280
227,Newark and Sherwood,495,10,0,10,10,0,5,5,0,0,40,0,80,0,0,0,0,25,10,10,5,10,0,10,0,0,290,0,10,140,130,195,140,25,155,340,190,15,5,75,10,50,70,0,55,225,25,290,30,60,15,0,210,5,95,280,135,10,15,15,145,35,95,180
228,Newcastle upon Tyne,535,15,0,5,5,10,0,0,5,5,30,0,45,0,0,5,10,35,15,5,0,10,5,15,0,0,10,10,5,20,125,220,265,80,375,855,405,65,5,150,10,105,210,5,120,510,75,430,50,280,35,30,320,0,200,725,245,15,25,30,85,30,95,250
229,Newcastle-under-Lyme,425,5,0,0,10,5,0,0,5,0,15,0,60,0,0,5,0,15,5,0,0,10,0,15,0,0,60,5,0,110,75,160,110,30,135,265,115,5,0,55,0,40,40,0,25,230,30,180,5,30,5,10,95,0,80,305,105,10,10,5,95,15,115,125
230,Newham,925,10,0,5,15,0,0,0,5,5,35,0,35,0,0,0,0,35,5,0,0,45,0,15,0,0,0,15,0,0,20,190,375,135,940,780,360,75,0,165,5,65,250,5,100,665,90,600,35,115,25,5,160,5,270,680,145,45,50,60,160,25,150,520
231,Newport,330,5,0,0,0,0,5,0,0,0,10,0,65,0,0,5,0,15,15,0,0,5,0,10,0,0,5,0,5,75,80,150,165,45,180,300,130,5,0,55,5,90,60,0,60,245,30,220,15,50,20,0,130,0,95,350,95,5,30,5,105,25,85,125
232,Newry and Mourne,695,0,0,5,15,5,0,5,5,0,50,0,60,0,0,5,0,5,10,0,10,5,0,10,20,0,35,100,0,1125,125,205,35,20,55,270,65,5,0,35,5,35,45,5,75,155,10,50,20,45,0,5,120,0,75,425,45,5,20,5,205,25,65,155
233,Newtownabbey,210,0,0,5,0,0,0,0,0,0,5,0,45,0,0,5,0,10,10,5,0,0,0,5,0,0,0,0,0,170,55,130,15,15,35,145,40,5,0,5,5,25,30,0,55,65,0,55,5,20,0,5,70,0,35,160,40,0,10,5,60,10,60,65
234,North Ayrshire,365,0,0,0,5,0,0,5,5,0,25,0,60,0,0,0,0,15,5,5,5,10,5,5,0,5,10,15,10,215,90,120,85,25,75,315,105,5,5,25,5,15,35,0,40,155,10,110,60,25,0,5,60,0,55,350,240,0,10,10,85,15,65,70
235,North Devon,505,0,0,5,5,0,5,0,0,0,25,0,55,0,0,0,0,10,5,0,0,5,0,10,0,0,580,10,10,700,140,170,125,25,105,380,130,20,5,50,15,40,50,5,35,190,10,160,130,60,10,5,130,0,95,300,75,5,10,15,70,10,35,115
236,North Dorset,415,0,0,0,0,0,5,5,5,0,40,0,55,0,0,0,0,10,0,0,0,5,0,15,5,0,250,0,20,375,125,150,85,25,130,190,135,20,0,45,5,30,40,0,25,170,5,190,10,55,10,5,105,0,50,190,80,10,0,10,70,5,50,95
237,North Down,160,0,0,0,0,0,0,0,0,0,15,0,10,0,0,0,0,15,10,0,0,5,5,10,0,0,0,5,0,40,45,60,30,10,50,210,65,15,0,35,0,45,45,0,50,115,5,95,15,40,5,0,155,0,65,165,65,0,0,5,20,5,50,80
238,North East Derbyshire,425,5,0,5,5,0,5,0,0,0,15,0,75,0,0,10,0,20,10,5,0,5,0,15,0,0,145,0,5,185,65,160,90,35,115,190,100,5,0,45,0,50,25,0,25,135,5,145,25,30,5,0,145,0,65,245,85,10,5,5,95,25,105,140
239,North East Lincolnshire,610,0,0,0,10,0,0,5,0,0,45,0,95,0,0,0,0,10,20,5,10,10,0,10,0,0,40,220,0,15,60,225,150,45,95,435,125,5,0,80,5,30,50,10,40,250,25,120,20,30,5,0,130,0,90,385,235,5,75,5,205,20,90,110
240,North Hertfordshire,575,40,0,5,10,0,0,0,0,10,45,0,90,5,0,10,5,50,15,0,0,5,0,35,0,0,135,0,5,45,100,215,255,55,540,370,415,60,0,125,0,70,115,0,60,360,70,650,5,80,40,15,230,0,115,295,210,30,25,5,90,10,145,255
241,North Kesteven,570,5,0,10,10,0,0,5,0,0,40,0,60,0,0,0,0,25,10,5,0,5,10,5,0,0,370,5,20,115,100,200,140,35,100,205,175,5,0,75,5,30,30,0,25,165,10,190,15,65,0,5,145,0,90,260,130,15,20,5,555,20,100,95
242,North Lanarkshire,1035,10,0,5,20,0,10,10,5,5,70,0,155,0,0,5,0,30,15,5,5,20,0,25,0,0,10,15,0,115,130,320,190,85,260,615,230,10,0,60,10,65,90,0,80,370,60,275,15,70,5,15,165,5,110,770,330,25,30,10,300,30,230,240
243,North Lincolnshire,605,10,0,5,20,0,5,5,0,0,40,0,115,0,0,5,0,5,25,5,0,5,0,25,5,0,375,5,5,125,200,285,125,35,100,375,145,15,0,100,5,50,65,0,30,280,40,185,25,75,10,5,105,5,110,430,250,15,50,5,335,35,140,130
244,North Norfolk,460,5,0,0,5,0,0,0,0,5,35,0,45,0,0,0,0,15,20,5,15,5,0,20,5,0,415,45,10,150,115,165,130,30,80,445,180,15,20,55,0,30,40,5,50,180,20,175,115,95,40,5,145,0,90,335,85,5,15,20,70,10,55,115
245,North Somerset,985,20,0,5,25,0,10,5,0,5,50,0,90,0,0,5,5,50,20,0,10,5,20,25,5,0,160,5,10,220,205,325,325,85,520,540,375,80,0,150,20,175,160,5,90,480,70,675,65,130,20,15,260,5,190,430,315,25,55,20,200,20,200,290
246,North Tyneside,535,10,0,0,20,5,5,0,0,0,30,0,70,0,0,15,5,35,20,5,5,10,5,15,0,0,25,35,0,0,50,185,165,75,210,435,230,15,0,75,0,45,55,10,50,285,25,245,30,45,15,5,125,0,115,455,300,10,20,5,65,20,95,175
247,North Warwickshire,335,5,0,5,5,0,5,0,5,0,10,0,80,0,0,15,0,10,15,5,0,0,0,10,0,0,105,0,0,80,75,135,95,20,90,150,85,5,0,35,5,25,25,0,15,135,20,125,15,20,5,0,100,5,40,210,80,10,20,10,145,15,65,80
248,North West Leicestershire,415,5,0,5,5,0,10,0,0,0,30,0,75,0,0,5,0,20,15,5,0,10,5,15,0,0,105,0,5,90,70,195,155,30,175,225,170,5,0,95,5,60,70,0,40,210,30,285,20,60,15,10,140,5,55,265,155,10,30,5,155,20,115,165
249,Northampton,865,20,0,15,5,5,5,5,0,15,20,0,90,0,0,10,0,70,25,5,0,20,5,15,0,0,5,0,5,5,90,280,305,80,445,540,325,35,0,150,20,110,160,0,110,470,130,570,15,95,30,10,215,5,205,475,205,25,40,20,1165,35,235,290
250,Northumberland,1085,15,0,15,15,0,15,5,5,5,80,0,135,0,0,5,0,40,15,15,5,25,5,45,10,0,835,80,100,895,370,380,330,90,290,850,430,25,15,150,10,80,100,5,120,445,40,535,175,185,35,10,325,5,225,920,400,15,35,30,245,40,185,295
251,Norwich,270,5,0,0,10,5,0,0,0,5,25,0,25,0,0,0,5,35,10,0,0,10,15,15,0,0,15,5,0,0,45,200,160,45,240,495,250,35,5,90,0,80,105,0,70,295,55,290,35,85,35,5,155,5,125,410,135,20,20,10,45,15,75,190
252,Nottingham,595,20,0,5,25,10,15,0,5,0,50,0,110,0,0,10,10,75,20,5,0,45,0,45,0,0,10,0,0,0,80,300,385,65,410,685,395,45,0,170,5,260,230,0,140,575,110,400,35,255,50,30,375,0,275,640,170,25,25,20,150,35,185,420
253,Nuneaton and Bedworth,360,10,0,20,0,0,5,0,0,0,10,0,150,5,0,15,0,10,5,0,0,0,5,10,0,0,15,5,0,15,45,180,140,50,155,215,125,5,0,60,0,45,35,0,35,200,15,160,5,30,5,5,75,5,45,265,185,10,10,0,240,15,130,115
254,Oadby and Wigston,195,5,0,0,5,0,5,0,0,0,20,0,55,0,0,10,0,15,5,0,0,15,0,5,0,0,5,0,0,5,20,60,65,10,100,140,70,0,0,45,0,25,20,0,20,190,10,100,0,15,0,0,75,0,40,100,35,5,10,5,35,0,40,100
255,Oldham,760,30,0,0,15,0,15,0,10,0,70,0,180,0,0,20,5,50,25,15,0,45,15,45,0,0,20,0,0,40,75,310,245,55,200,520,195,25,0,95,5,65,85,0,90,420,30,240,15,50,15,5,175,0,150,555,185,20,30,25,135,40,175,280
256,Omagh,445,0,0,0,0,0,0,0,0,0,30,0,55,0,0,0,0,5,5,0,0,5,0,0,10,0,20,0,5,1435,90,115,15,5,10,125,20,0,0,15,15,10,20,0,30,85,0,15,5,15,0,0,55,0,50,205,20,0,0,0,55,15,55,40
257,Orkney Islands,130,0,0,0,0,0,0,5,0,0,0,0,5,0,0,0,0,0,0,0,0,0,0,0,0,0,15,90,0,585,30,40,25,5,15,80,45,0,5,0,30,0,5,10,20,25,0,20,35,5,0,5,15,0,20,75,25,0,5,5,30,0,0,5
258,Oxford,265,5,0,0,10,0,0,0,0,0,10,0,10,0,0,0,0,20,0,0,0,5,0,10,0,0,0,5,5,10,50,85,200,25,360,425,365,50,5,205,5,40,90,5,100,345,45,475,60,75,95,75,150,0,140,280,110,10,15,25,35,0,60,140
259,Pembrokeshire,545,0,0,5,5,0,0,15,0,0,35,0,75,0,0,0,0,15,5,0,5,10,0,15,10,0,75,65,10,1250,220,195,130,20,75,455,155,5,10,45,5,30,35,10,65,165,15,120,220,70,20,5,95,0,110,455,160,5,30,5,75,25,60,105
260,Pendle,285,5,0,5,5,0,5,0,0,0,45,0,100,0,0,10,0,10,15,5,0,20,0,20,0,0,80,5,5,105,50,135,80,20,75,225,80,5,0,30,0,30,30,0,40,170,5,100,5,40,5,0,100,0,65,225,65,5,5,10,60,5,70,130
261,Perth and Kinross,665,5,0,0,5,5,0,10,10,0,65,0,55,0,0,0,0,15,5,0,0,25,0,15,0,0,185,20,90,680,275,205,180,35,185,495,225,15,5,60,50,45,70,0,80,260,20,335,200,45,20,5,205,0,115,345,170,5,25,25,100,20,70,160
262,Peterborough,555,20,0,10,10,0,0,0,0,0,15,0,85,0,0,10,0,50,10,10,0,10,0,20,0,0,125,5,0,20,90,335,210,45,365,420,225,20,5,160,0,90,115,0,65,350,60,365,35,75,45,15,235,0,135,380,160,35,30,20,310,15,210,270
263,Plymouth,830,10,0,0,0,0,0,5,0,5,25,0,75,0,0,10,0,30,10,0,30,15,5,20,0,0,5,45,0,15,70,250,185,75,185,580,235,30,0,140,5,80,110,5,75,375,20,190,30,100,20,10,185,0,195,490,190,25,20,5,110,25,110,170
264,Poole,805,30,0,5,15,0,10,0,0,0,15,0,130,0,0,15,0,35,25,0,20,20,10,20,0,0,0,25,5,0,90,240,215,75,430,430,250,30,5,95,10,80,110,5,65,400,45,365,15,30,30,0,335,5,110,280,185,25,20,10,65,15,140,265
265,Portsmouth,835,15,0,0,0,5,5,0,5,0,20,0,85,0,0,5,0,25,20,5,15,10,20,15,0,0,0,10,0,0,55,205,230,65,295,565,215,20,5,90,0,40,90,5,95,355,75,280,20,45,15,5,145,0,120,440,165,15,20,10,75,20,80,160
266,Powys,765,10,0,10,20,5,5,10,10,0,55,0,115,0,0,20,0,15,15,0,0,15,0,15,0,0,140,5,85,3080,410,305,180,30,135,425,240,20,15,70,10,30,35,0,85,255,10,200,170,100,15,0,155,0,135,540,145,5,20,15,180,15,95,145
267,Preston,460,5,0,10,10,5,0,5,0,0,30,0,80,0,0,0,0,25,15,0,0,15,10,15,0,0,75,10,0,120,65,235,185,40,170,395,175,10,0,55,0,155,85,0,75,375,50,245,15,125,15,5,230,0,110,420,150,15,20,10,80,25,110,235
268,Purbeck,290,0,0,5,0,0,0,0,0,0,20,0,25,0,0,0,0,10,5,0,10,0,0,10,5,0,65,15,10,90,55,80,55,15,75,170,65,10,5,25,0,20,25,5,15,100,5,80,65,20,15,0,65,0,35,135,60,5,0,10,25,0,25,65
269,Reading,415,15,0,0,5,5,0,0,0,0,0,0,50,0,0,5,10,30,5,5,0,0,0,10,0,0,0,5,5,5,50,150,295,60,1150,345,320,40,0,115,5,75,130,0,70,415,130,665,30,60,40,15,160,0,140,360,250,65,10,10,105,5,130,220
270,Redbridge,1275,10,0,0,20,5,0,5,0,5,35,0,50,0,0,0,5,35,5,0,0,45,0,20,5,0,5,10,0,0,70,260,460,100,1630,825,555,80,0,230,5,125,295,5,85,1175,160,1020,45,165,35,10,375,5,265,655,245,45,35,45,175,25,180,565
271,Redcar and Cleveland,345,0,0,0,0,0,0,0,0,0,25,0,90,0,0,5,0,5,5,0,5,10,0,10,0,0,65,20,0,45,50,120,135,25,60,215,145,0,0,70,0,15,20,0,25,135,15,110,10,20,0,5,50,0,75,320,445,5,10,0,80,15,55,65
272,Redditch,320,5,0,10,5,0,10,0,0,0,20,0,110,0,0,70,0,20,10,0,0,5,0,20,0,0,10,0,0,15,20,130,105,15,145,135,85,5,0,45,0,25,30,0,15,155,20,150,5,25,5,5,65,0,55,140,110,10,10,5,70,5,110,100
273,Reigate and Banstead,875,20,0,0,10,0,5,5,0,0,25,0,35,0,0,5,0,30,5,0,0,20,5,20,0,0,30,5,15,30,120,185,300,90,585,390,350,80,0,115,0,135,135,0,45,445,95,765,35,80,35,10,200,5,115,290,235,25,30,40,80,20,100,205
274,Renfrewshire,555,15,0,0,5,0,0,0,0,5,40,0,85,0,0,0,0,15,10,0,5,15,0,20,0,0,0,10,15,90,110,155,135,70,150,345,150,10,0,45,10,45,65,0,60,240,20,270,20,50,10,5,115,5,85,450,275,5,20,0,95,25,95,145
275,"Rhondda, Cynon, Taff",775,20,0,10,5,0,0,0,0,0,30,0,75,0,0,5,5,25,25,5,0,10,20,25,5,0,0,5,0,80,95,265,190,55,140,495,175,25,0,65,5,50,55,0,70,275,30,185,20,50,0,0,125,0,130,610,130,10,15,10,155,30,120,125
276,Ribble Valley,315,0,0,5,5,0,0,5,5,0,15,0,35,0,0,0,0,10,5,0,0,5,0,5,0,0,210,0,10,325,100,120,85,15,75,260,105,5,5,45,0,55,35,0,25,160,15,200,30,45,5,0,135,0,55,205,105,5,5,10,65,5,45,120
277,Richmond upon Thames,570,20,0,0,15,5,5,0,5,0,30,0,35,0,0,0,5,35,5,5,0,30,0,30,0,5,0,5,0,0,160,145,580,70,1275,755,1375,550,5,245,0,120,255,15,135,870,250,2260,35,175,105,35,375,0,200,505,345,40,30,65,70,20,95,390
278,Richmondshire,240,0,0,0,0,0,5,0,0,0,10,0,20,0,0,0,0,5,0,0,0,0,0,5,0,0,355,0,10,380,115,95,55,20,50,165,65,0,5,35,0,10,25,0,30,70,15,125,65,45,5,5,100,0,30,185,65,5,5,0,55,0,15,50
279,Rochdale,650,20,0,10,20,0,10,5,0,0,55,0,125,0,0,25,0,45,35,10,0,65,5,30,0,0,40,5,5,60,105,270,205,55,190,500,190,20,0,60,0,70,110,0,70,415,50,225,15,65,5,5,190,5,160,520,190,15,30,10,180,45,165,290
280,Rochford,645,15,0,0,5,0,0,0,0,0,30,0,55,0,0,0,5,30,10,0,0,5,10,15,0,0,40,5,10,10,50,155,95,50,190,205,155,15,0,50,0,45,50,0,25,240,30,220,5,30,5,5,85,0,40,180,150,10,25,0,70,15,80,125
281,Rossendale,265,5,0,5,5,0,0,0,0,5,25,0,70,0,0,5,0,10,15,10,0,10,0,10,0,0,45,0,0,60,40,120,105,25,75,185,100,5,0,25,0,25,20,0,10,140,25,125,0,20,0,0,70,0,65,205,80,10,10,5,80,5,65,135
282,Rother,495,0,0,0,10,0,5,0,0,0,35,0,35,0,0,0,0,15,5,0,0,10,0,20,0,0,185,15,15,175,90,150,175,35,175,295,275,30,5,55,0,25,65,0,40,215,25,280,50,45,35,5,115,0,100,255,100,5,20,15,50,5,50,155
283,Rotherham,910,20,0,10,5,5,15,5,0,5,65,0,185,5,0,35,0,40,20,10,0,20,5,45,5,0,95,15,5,50,85,290,255,50,220,505,220,10,0,125,5,80,90,0,60,355,40,250,10,45,15,5,170,5,150,560,185,25,30,20,265,45,275,260
284,Rugby,350,5,0,10,5,0,5,0,0,0,10,0,70,0,0,10,0,25,10,5,5,0,0,10,0,0,145,0,5,125,90,190,175,40,255,245,165,5,0,95,0,40,55,0,55,210,40,320,15,50,15,10,145,0,55,220,220,5,30,10,495,10,100,130
285,Runnymede,450,10,0,0,20,0,5,0,0,0,15,0,65,0,0,0,0,20,5,0,5,0,10,5,0,0,25,0,0,10,85,175,160,50,355,195,210,70,0,75,5,35,90,5,50,260,70,430,10,20,5,15,145,0,70,185,130,25,30,20,80,15,80,165
286,Rushcliffe,445,10,0,10,10,0,0,5,0,0,25,0,40,0,0,0,5,20,5,0,5,20,0,15,0,0,185,5,5,95,105,165,195,30,295,300,210,30,0,105,0,85,75,0,50,315,50,515,20,65,20,10,205,5,100,245,130,20,20,0,55,10,50,200
287,Rushmoor,420,20,0,0,0,0,5,0,0,0,15,0,40,0,0,0,0,20,0,5,0,5,10,15,0,0,5,0,0,0,50,120,130,45,290,200,135,20,0,60,0,30,40,0,25,205,35,235,10,35,25,10,75,5,45,175,140,15,20,5,35,10,75,85
288,Rutland,155,0,0,0,0,0,0,0,0,0,10,0,15,0,0,0,5,10,5,0,0,0,0,5,0,0,130,0,0,85,55,60,65,10,65,135,105,0,0,45,0,20,30,0,10,80,15,205,15,35,10,0,65,0,25,105,55,5,0,5,25,0,35,60
289,Ryedale,310,5,0,0,5,0,0,0,5,5,35,0,50,0,0,0,0,10,0,0,0,0,0,10,0,0,600,5,20,475,215,140,70,15,65,215,100,5,10,20,5,25,30,0,20,85,15,120,75,50,0,5,100,0,40,215,60,0,0,0,60,5,35,55
290,Salford,725,20,0,0,15,5,15,0,0,0,55,0,95,0,0,15,5,30,20,0,0,30,0,20,0,0,10,5,0,0,85,240,275,80,400,480,400,75,0,130,5,155,220,0,65,490,70,465,20,155,10,10,500,0,185,490,305,30,40,20,210,45,235,495
291,Sandwell,715,10,0,25,30,10,15,10,15,0,70,15,320,20,0,110,5,30,50,20,0,55,0,50,5,0,0,5,0,0,85,435,265,45,235,665,190,20,0,115,0,70,115,5,110,455,60,215,5,50,0,5,205,5,230,795,160,15,50,10,445,85,405,480
292,Scarborough,425,10,0,5,0,5,5,5,5,0,30,0,50,0,0,0,0,15,10,0,0,0,0,5,0,0,280,115,10,310,100,130,90,35,70,485,110,0,5,40,5,40,45,0,60,170,15,90,190,45,10,0,135,0,95,405,80,0,15,10,75,10,45,85
293,Scottish Borders,550,5,0,0,5,0,0,15,0,0,35,0,35,0,0,5,0,20,5,0,0,40,0,20,5,0,180,45,95,940,230,190,115,30,130,365,185,10,10,50,10,35,40,5,55,190,20,235,115,35,15,5,140,0,80,285,80,10,5,15,90,10,40,110
294,Sedgemoor,585,0,0,0,10,0,0,5,5,0,50,0,85,0,0,10,0,20,15,0,0,10,5,20,0,0,265,5,5,400,145,220,135,45,135,290,160,20,5,70,5,65,50,0,50,195,15,225,60,55,20,5,160,0,80,310,165,10,15,10,130,15,85,160
295,Sefton,850,10,0,0,15,5,10,0,0,0,40,0,110,0,0,0,5,40,20,0,0,15,0,45,5,0,55,10,0,20,145,350,310,70,295,665,315,30,0,140,0,125,130,5,70,520,40,435,25,100,25,5,245,0,205,665,225,25,55,25,190,25,145,295
296,Selby,360,0,0,0,10,0,5,0,0,0,20,0,55,0,0,0,0,15,15,0,0,0,0,10,0,0,345,0,0,140,100,170,120,35,125,215,125,10,0,45,5,30,35,0,20,140,20,235,15,50,5,10,105,0,65,215,115,5,15,5,130,15,105,115
297,Sevenoaks,790,20,0,0,15,0,5,0,5,0,50,0,60,0,0,0,0,50,10,0,0,10,0,25,0,0,110,10,10,85,150,215,275,85,415,335,370,60,5,95,45,100,130,5,60,355,80,605,15,90,45,10,260,0,100,280,205,25,25,30,100,20,110,330
298,Sheffield,1515,40,0,10,30,0,20,10,5,5,100,0,385,10,30,110,10,80,45,25,0,25,0,120,0,0,80,20,10,80,220,570,540,120,690,1270,800,130,5,295,0,190,230,0,225,975,130,780,45,175,80,45,515,10,410,1160,460,75,50,35,280,80,465,615
299,Shepway,440,5,0,10,5,5,0,0,0,0,20,0,35,0,0,0,0,15,10,0,0,0,0,5,0,0,110,20,5,75,65,135,125,35,130,325,160,10,0,75,0,35,60,0,35,185,25,210,45,30,20,5,100,0,105,260,125,5,40,15,55,0,40,100
300,Shetland Islands,145,0,0,0,0,0,0,0,0,0,5,0,5,0,0,0,0,0,0,0,10,10,0,0,0,0,10,215,0,340,30,40,30,5,5,70,35,5,0,5,5,0,5,0,15,45,0,30,25,10,0,0,20,0,20,85,40,5,5,0,30,0,10,5
301,Shropshire,1405,30,0,25,30,10,15,40,5,5,120,0,210,5,0,20,0,50,30,15,0,25,10,60,10,0,1415,15,70,1805,500,605,425,105,460,995,550,30,5,210,15,140,170,5,135,705,90,760,120,220,40,15,545,5,265,975,360,40,40,35,340,50,270,485
302,Slough,390,10,0,5,20,5,5,0,5,0,5,0,35,0,0,0,0,20,10,0,0,10,0,15,0,0,0,0,0,0,30,205,160,55,800,290,190,30,0,80,5,25,90,10,40,365,80,310,15,35,5,25,100,0,90,260,100,35,135,15,235,25,210,290
303,Solihull,830,10,0,10,10,0,10,0,5,5,20,0,55,0,0,10,0,25,10,0,5,10,5,15,5,0,50,5,5,60,120,170,340,80,620,400,345,35,0,145,10,175,180,0,65,620,120,840,25,85,15,10,355,5,145,380,305,35,30,25,135,25,190,315
304,South Ayrshire,305,5,0,0,10,0,0,5,5,0,25,0,25,0,0,0,0,5,0,0,5,5,20,10,5,0,15,25,20,355,140,120,75,20,80,320,110,15,0,25,5,35,65,0,60,180,10,160,65,35,15,5,115,0,55,360,135,5,20,10,65,5,50,95
305,South Bucks,430,10,0,5,5,0,0,0,0,0,20,0,35,0,0,0,0,20,5,5,0,10,5,10,0,0,30,0,5,15,90,150,215,35,355,225,310,160,5,105,5,65,135,0,35,355,70,630,30,55,25,15,415,0,70,205,145,10,20,15,90,10,75,185
306,South Cambridgeshire,775,65,0,5,25,5,10,0,0,0,55,0,80,0,0,0,5,45,10,5,0,5,45,40,0,0,395,0,10,140,185,260,255,75,635,290,460,60,15,165,5,60,95,0,90,430,95,760,30,125,70,165,305,5,165,310,255,40,30,25,90,15,125,280
307,South Derbyshire,390,0,0,5,5,0,5,0,0,0,25,0,75,0,0,0,0,10,10,0,5,10,5,10,0,0,145,0,5,160,90,165,110,35,130,195,120,5,0,70,5,35,40,0,20,175,20,225,25,30,5,0,130,10,65,225,160,5,20,0,120,15,95,115
308,South Gloucestershire,1355,30,0,10,20,0,15,0,0,0,45,0,170,0,0,5,0,45,10,15,0,10,35,35,5,0,190,10,10,250,150,420,385,105,705,435,400,40,0,140,5,145,150,0,105,490,95,660,40,85,35,10,270,5,255,485,480,40,40,10,270,40,255,265
309,South Hams,525,5,0,5,5,0,0,10,5,0,40,0,55,0,0,10,0,20,5,0,30,10,0,20,0,0,380,70,10,470,115,150,135,30,115,405,235,35,0,65,5,50,65,10,45,220,20,245,110,75,20,10,200,0,95,300,105,5,25,20,50,20,45,145
310,South Holland,430,0,0,0,5,0,0,0,0,0,10,0,60,0,0,0,0,10,5,0,0,5,0,5,0,0,600,0,0,105,80,145,110,25,65,185,80,5,0,50,5,30,30,0,20,150,55,125,5,35,5,0,65,0,60,225,65,5,25,0,460,5,80,180
311,South Kesteven,610,5,0,10,10,0,5,0,0,0,30,0,70,0,0,5,0,35,20,5,5,10,5,20,5,0,335,0,5,125,145,215,185,45,210,395,270,20,5,105,5,80,70,0,50,295,55,420,30,60,30,5,185,5,105,350,185,20,20,15,145,20,125,210
312,South Lakeland,695,15,0,5,5,0,5,5,5,5,60,0,55,0,0,0,0,20,5,0,0,15,0,25,0,0,420,15,25,610,180,190,180,50,140,580,200,10,15,140,15,55,65,0,70,220,15,280,315,80,25,5,195,0,110,425,195,5,15,15,85,5,75,150
313,South Lanarkshire,1065,20,0,5,25,5,10,10,5,0,75,0,170,0,0,15,10,50,20,5,0,10,5,30,0,0,45,5,25,525,250,355,220,90,350,745,315,25,5,90,30,90,105,0,85,490,35,435,40,75,25,5,225,5,120,740,370,25,35,20,260,40,235,295
314,South Norfolk,610,5,0,15,10,0,5,10,0,0,45,0,80,0,0,0,0,25,5,0,5,5,5,25,0,0,450,5,10,255,155,245,155,50,195,310,215,25,0,80,5,45,60,0,45,310,25,355,30,100,20,20,160,0,115,265,175,10,15,5,125,20,95,155
315,South Northamptonshire,545,15,0,25,5,0,5,0,0,0,40,0,55,0,0,5,0,25,5,0,5,0,0,20,0,0,255,0,0,210,155,195,195,35,315,200,240,30,0,115,5,70,60,0,25,260,50,590,20,90,25,5,190,5,80,220,190,25,10,15,105,20,80,165
316,South Oxfordshire,735,25,0,0,10,0,10,5,0,5,60,0,60,0,0,5,0,35,10,10,5,15,5,25,0,0,200,5,15,150,195,225,345,65,600,415,515,115,5,145,5,90,125,0,60,460,85,1030,40,130,60,40,310,0,130,360,235,15,35,20,120,10,120,255
317,South Ribble,470,0,0,15,10,0,0,0,5,0,35,0,65,0,0,5,0,25,15,10,0,15,5,10,0,0,85,0,0,95,80,195,130,40,190,240,130,15,0,70,0,50,55,0,30,210,35,180,5,30,0,5,125,5,75,290,140,15,5,5,90,15,100,150
318,South Somerset,840,15,0,10,10,10,5,10,0,0,60,0,120,0,0,10,0,25,10,10,0,5,55,30,10,0,485,10,15,640,215,310,220,45,255,435,285,35,5,105,0,90,70,0,55,305,25,380,55,100,30,5,210,0,150,440,250,10,15,15,110,20,110,195
319,South Staffordshire,625,10,0,10,15,0,0,5,0,0,20,0,90,0,0,10,0,20,15,0,0,5,5,15,0,0,135,0,10,115,110,150,125,25,130,240,150,5,0,65,0,60,45,0,20,255,25,270,10,45,10,0,175,0,55,270,145,10,20,5,105,25,115,170
320,South Tyneside,365,5,0,5,5,0,0,0,0,0,10,0,100,0,0,0,0,5,5,5,5,10,0,10,0,0,5,0,0,10,35,85,130,30,90,300,125,10,0,65,5,20,30,0,25,170,25,150,15,15,0,0,55,0,55,395,270,0,15,0,70,10,70,85
321,Southampton,850,15,0,5,5,5,10,0,0,5,15,0,100,0,0,0,5,35,10,5,30,5,15,25,0,0,5,15,0,0,65,275,200,80,310,525,255,35,5,125,0,75,110,15,80,430,75,280,25,110,10,5,185,5,135,435,185,20,40,15,165,10,170,210
322,Southend-on-Sea,835,20,0,0,5,5,10,5,0,5,50,0,55,0,0,0,10,50,15,0,0,25,15,25,0,0,0,15,0,0,75,200,275,90,445,665,330,45,0,100,0,135,160,0,60,505,75,420,20,65,25,5,235,5,145,470,170,15,30,15,70,10,130,265
323,Southwark,560,15,0,5,15,0,10,0,5,0,30,0,40,0,0,0,0,80,0,0,0,30,0,35,0,0,0,15,10,0,85,135,730,155,1450,1000,1775,425,10,300,10,200,345,5,265,890,235,1880,65,240,190,30,420,0,335,710,315,80,45,70,95,25,120,575
324,Spelthorne,520,5,0,0,0,0,0,0,0,0,20,0,35,0,0,5,5,25,5,0,0,5,0,5,0,0,5,0,0,0,55,150,195,60,465,265,210,85,0,50,0,20,65,0,25,245,55,340,5,35,15,5,80,0,50,200,140,5,60,20,845,20,120,150
325,St Albans,630,15,0,0,15,0,10,0,0,0,15,0,30,0,0,0,0,40,5,0,0,20,5,30,0,0,40,0,10,15,125,165,335,55,845,450,540,155,0,165,0,130,155,0,80,680,170,1350,30,125,60,25,275,0,140,330,255,35,15,20,80,20,105,295
326,St Edmundsbury,510,15,5,5,15,10,10,0,0,5,35,0,80,0,0,5,5,25,10,5,0,10,5,20,5,0,265,0,5,95,120,215,145,55,150,290,190,10,0,60,0,45,80,0,35,255,45,275,15,75,15,5,195,0,75,245,105,10,25,10,105,5,95,140
327,St. Helens,530,10,0,10,10,5,10,5,0,0,35,0,85,0,0,5,0,15,10,5,0,5,0,20,0,0,60,0,0,20,65,190,200,40,145,305,170,10,0,60,0,35,55,0,45,245,25,230,10,50,0,0,95,0,95,435,190,15,25,10,175,25,150,130
328,Stafford,525,15,0,10,15,5,10,5,5,0,25,0,70,5,0,0,5,20,20,0,0,5,0,15,5,0,240,0,5,375,155,190,160,40,240,340,150,15,0,80,5,40,60,0,45,270,35,340,15,50,25,5,175,0,110,305,175,15,10,10,115,20,140,205
329,Staffordshire Moorlands,435,0,0,5,20,0,5,5,5,0,40,0,85,0,0,0,0,10,5,0,0,5,0,10,0,0,335,0,15,565,135,185,105,25,90,210,95,10,0,40,5,25,35,0,20,165,10,175,25,40,5,5,90,5,80,275,115,5,10,10,160,0,85,120
330,Stevenage,420,10,0,0,10,5,0,0,0,0,5,0,30,0,0,5,0,15,5,0,0,0,0,10,0,0,0,0,0,0,35,85,95,25,205,160,140,20,0,35,0,170,35,0,25,165,35,185,5,25,15,10,120,0,45,135,100,30,5,10,60,5,75,85
331,Stirling,355,0,0,0,5,0,0,0,0,0,15,0,25,0,0,0,0,10,0,0,0,10,0,15,5,0,40,5,50,290,115,90,105,40,170,290,150,15,5,45,5,100,45,0,50,200,20,310,105,30,15,15,160,0,65,250,175,0,10,10,80,10,50,90
332,Stockport,1035,40,0,10,35,20,10,5,10,0,80,0,160,0,0,15,5,120,40,15,0,30,15,60,0,0,35,5,5,35,190,425,465,110,610,785,555,85,0,170,5,245,195,0,110,855,135,905,35,135,55,15,410,5,205,670,525,40,30,35,165,40,255,575
333,Stockton-on-Tees,635,15,0,0,15,0,5,0,0,0,15,0,135,0,0,0,0,25,15,0,10,5,5,20,0,5,55,0,0,30,90,200,190,55,170,350,280,10,0,70,0,55,60,0,70,265,50,320,20,45,5,10,130,0,115,380,800,15,25,5,105,15,135,100
334,Stoke-on-Trent,640,15,0,15,30,75,10,0,0,0,55,0,155,5,0,15,0,60,25,35,0,5,0,35,10,0,15,0,0,15,75,360,195,55,185,505,140,5,0,85,0,65,65,0,65,395,35,190,5,45,10,5,145,5,155,635,125,15,30,15,185,25,210,300
335,Strabane,260,0,0,0,0,0,0,0,0,0,15,0,30,0,0,0,0,0,5,0,0,0,0,0,10,0,10,0,0,825,45,75,5,0,5,90,15,0,0,5,15,10,15,0,25,25,0,5,0,10,0,0,30,0,35,145,15,0,0,0,55,5,20,15
336,Stratford-on-Avon,585,15,0,20,15,0,10,0,5,0,35,0,125,0,0,25,0,35,20,5,5,5,0,35,0,0,435,0,10,320,230,290,315,45,350,475,430,40,5,165,5,100,125,0,75,395,65,760,75,100,40,20,395,5,90,390,320,20,25,20,95,25,140,235
337,Stroud,585,25,0,0,10,0,15,0,0,0,40,0,115,0,0,5,0,25,25,10,0,15,10,15,5,0,230,0,10,255,140,210,215,50,365,330,310,45,10,110,20,60,75,0,60,305,30,465,40,75,30,10,160,0,115,305,220,10,20,15,110,10,130,200
338,Suffolk Coastal,505,5,0,5,10,0,5,0,5,0,45,0,65,0,0,0,0,20,5,0,5,0,5,15,0,0,355,20,15,185,165,180,170,25,235,390,265,30,5,70,10,45,75,10,80,280,45,305,55,90,30,5,175,0,90,340,135,15,120,10,190,0,70,140
339,Sunderland,670,20,0,15,5,0,15,5,0,0,40,0,140,0,0,5,5,40,25,5,0,10,0,20,0,0,25,10,0,15,75,235,220,60,170,580,195,10,0,115,0,55,80,0,95,315,25,220,20,45,15,5,110,5,105,695,270,20,25,15,105,20,115,205
340,Surrey Heath,465,10,0,5,0,0,5,0,0,0,15,0,55,0,0,0,0,30,5,5,0,5,0,15,0,0,25,0,0,5,95,170,205,70,475,270,260,40,0,85,5,65,70,0,45,350,55,565,15,35,20,15,140,0,65,180,200,25,20,10,45,10,70,170
341,Sutton,1285,15,0,0,15,10,5,0,0,5,25,0,45,0,0,0,0,45,0,0,0,10,0,15,0,0,15,5,5,0,95,200,315,100,730,515,385,80,0,130,0,80,105,5,65,585,80,555,5,70,50,5,170,0,170,395,280,30,20,25,120,30,130,265
342,Swale,760,5,0,5,10,0,5,5,0,0,30,0,95,0,0,10,0,25,10,5,5,5,0,25,0,0,135,5,5,65,90,190,155,40,165,300,200,25,0,70,0,40,50,5,40,250,40,220,35,50,5,5,120,5,105,295,145,15,25,10,130,25,110,150
343,Swansea,655,5,0,5,5,5,5,0,5,5,20,0,80,0,0,0,0,35,20,0,5,5,10,35,0,0,15,25,10,180,120,275,245,75,220,625,250,25,0,85,5,75,95,0,85,395,30,205,70,140,15,25,215,0,145,635,155,25,15,20,120,40,140,215
344,Swindon,775,10,0,5,10,5,5,0,0,0,30,0,75,0,0,10,0,50,10,0,0,10,5,10,5,0,45,0,0,60,115,220,240,80,750,405,270,15,0,155,10,85,130,0,70,435,70,615,15,40,25,15,155,5,135,375,260,60,45,10,210,15,155,220
345,Tameside,770,10,0,10,15,5,10,0,5,0,60,0,200,5,0,15,0,60,20,25,0,30,15,50,0,0,25,0,0,25,90,265,200,55,195,500,190,10,0,80,0,65,75,0,65,375,25,235,15,45,5,0,115,5,125,555,240,15,20,15,155,30,200,310
346,Tamworth,275,10,0,5,5,0,5,0,0,0,20,0,70,0,0,10,0,10,10,0,0,0,0,15,0,0,0,0,0,5,25,95,75,15,95,145,80,0,0,40,0,30,25,0,25,135,25,85,5,30,5,0,65,5,50,145,80,5,10,5,115,10,65,65
347,Tandridge,640,20,0,0,10,0,0,0,0,0,30,0,35,0,0,0,0,20,5,5,0,10,5,15,0,0,80,0,5,65,135,165,205,45,345,225,275,35,0,85,0,70,80,0,45,300,65,525,5,65,30,5,200,0,90,195,180,15,20,15,60,10,85,145
348,Taunton Deane,510,5,0,0,5,0,0,0,0,0,35,0,35,0,0,0,0,15,5,0,5,5,10,20,0,0,275,5,0,345,120,200,130,45,160,280,205,15,5,65,10,75,65,0,60,265,25,230,40,85,15,5,175,5,115,285,105,5,0,10,70,20,70,155
349,Teignbridge,645,10,0,5,15,5,0,5,0,0,35,0,65,0,0,5,5,25,20,0,0,5,0,35,0,0,275,25,20,395,155,250,155,60,150,365,200,15,5,75,0,65,65,5,70,300,35,230,85,65,25,5,205,0,145,370,115,10,20,15,75,10,100,190
350,Telford and Wrekin,455,5,0,15,20,0,10,0,0,5,30,0,125,0,0,15,0,35,40,5,0,0,5,30,5,0,85,5,0,90,85,230,190,40,310,335,175,5,0,80,0,45,65,0,40,270,35,240,35,55,20,0,145,0,100,355,145,20,20,5,150,35,170,200
351,Tendring,650,10,0,0,5,0,5,0,0,5,30,0,60,0,0,10,0,30,15,0,15,10,0,15,0,0,195,15,10,65,80,210,125,35,135,400,155,15,0,75,0,35,60,5,60,225,30,160,35,45,15,0,115,5,140,330,105,10,30,10,125,20,85,130
352,Test Valley,610,35,0,10,15,0,0,0,0,0,40,0,80,0,0,0,0,15,20,5,0,10,10,20,0,0,165,5,15,100,140,220,210,50,390,270,280,40,5,95,5,100,100,5,55,380,45,545,20,70,25,20,240,5,75,250,190,45,25,20,135,20,130,215
353,Tewkesbury,395,20,0,5,10,0,10,0,0,0,30,0,90,0,0,15,0,20,15,5,0,0,10,5,0,0,210,0,10,170,130,155,140,35,270,200,160,5,0,75,0,45,45,0,30,195,20,310,25,65,20,10,140,5,70,175,145,10,15,10,80,20,95,110
354,Thanet,535,10,0,0,0,5,0,0,0,0,25,0,55,0,0,0,0,20,5,0,0,0,5,20,0,0,45,25,0,5,55,130,160,30,100,395,150,20,0,75,15,40,70,0,60,205,15,120,25,40,15,5,80,5,115,345,85,10,20,5,65,10,45,125
355,The Vale of Glamorgan,410,5,0,0,5,0,5,0,0,5,15,0,40,0,0,0,0,20,10,0,5,0,55,10,0,0,15,0,5,145,105,170,170,35,160,310,210,60,0,65,0,50,65,0,60,260,25,280,25,65,10,5,145,5,85,315,125,5,20,5,80,15,55,120
356,Three Rivers,565,10,0,0,0,0,5,0,0,0,0,0,30,0,0,0,5,30,10,0,0,0,0,20,0,0,25,5,0,10,80,135,195,35,435,225,280,75,0,70,25,70,85,0,30,365,60,570,0,40,25,10,235,0,50,205,130,20,10,20,80,10,115,215
357,Thurrock,930,0,0,5,10,0,0,0,0,0,25,0,85,0,0,5,0,20,10,5,0,15,0,10,0,0,30,10,0,5,50,265,175,60,315,305,130,15,5,90,0,40,65,5,35,315,40,290,10,30,5,0,95,5,135,290,170,10,95,10,390,40,135,195
358,Tonbridge and Malling,715,10,0,0,10,0,15,0,0,0,25,0,55,0,0,5,0,45,5,0,0,5,0,15,0,0,75,0,0,45,105,180,215,70,340,295,315,25,0,95,0,85,80,0,50,340,70,520,5,55,40,5,145,0,90,230,185,10,25,15,105,25,90,210
359,Torbay,550,10,0,0,5,0,0,0,0,0,5,0,30,0,0,5,0,10,10,0,5,5,0,20,0,0,5,90,0,15,65,150,130,45,105,485,125,5,5,80,5,40,90,10,50,265,25,130,140,40,20,0,125,0,110,355,80,5,5,10,60,5,70,135
360,Torfaen,305,10,0,0,0,0,0,0,0,0,15,0,55,0,0,5,0,15,10,5,0,0,5,10,0,0,5,0,0,50,40,115,75,25,90,140,55,0,0,15,0,20,25,0,25,105,15,60,5,10,0,0,30,0,70,215,60,10,5,0,60,5,50,45
361,Torridge,360,5,0,0,0,0,0,5,0,0,25,0,45,0,0,0,0,5,5,0,0,0,0,15,0,0,485,10,15,805,105,120,55,15,60,190,90,10,0,35,10,25,20,0,25,110,10,80,60,30,15,0,75,0,50,180,60,5,5,5,55,10,35,50
362,Tower Hamlets,435,5,0,5,10,5,5,0,10,10,35,5,25,0,0,0,0,80,5,0,0,115,0,25,0,0,0,45,0,0,75,190,770,70,1825,1195,1300,360,10,300,10,285,525,20,180,885,180,1785,45,275,135,35,435,5,285,665,255,95,65,110,230,30,120,750
363,Trafford,720,25,0,5,30,10,10,0,5,0,25,0,65,0,0,0,5,55,20,10,0,20,10,50,0,0,30,5,0,25,140,265,490,90,670,650,530,120,5,175,25,1075,250,0,85,830,185,1005,25,160,35,10,650,0,180,495,420,30,65,30,155,35,200,495
364,Tunbridge Wells,520,10,0,0,20,5,0,0,5,0,25,0,40,0,0,0,0,50,0,5,0,10,0,20,0,0,165,5,10,95,110,160,285,50,380,430,450,85,0,120,0,110,105,10,70,370,95,780,30,105,70,5,215,0,90,315,145,10,20,25,45,15,80,235
365,Uttlesford,605,20,0,5,5,0,15,0,0,0,40,0,50,0,0,5,0,35,5,0,0,10,25,20,0,0,285,5,10,75,120,190,175,55,290,260,300,30,5,100,5,75,75,0,40,265,55,480,25,95,35,20,200,5,70,225,140,15,40,15,95,30,90,190
366,Vale of White Horse,620,35,0,0,15,0,5,0,5,0,30,0,60,0,0,0,0,25,0,0,0,0,0,30,0,0,170,0,5,135,175,170,220,65,355,250,305,55,5,130,25,45,65,0,45,355,40,610,30,70,45,60,175,0,75,275,215,20,15,15,80,20,80,175
367,Wakefield,1085,15,0,20,20,5,15,5,5,0,95,0,180,0,0,15,5,60,35,10,0,40,0,45,20,0,140,10,0,80,145,485,260,75,280,810,280,15,0,175,10,105,110,0,95,510,85,380,25,90,10,5,260,5,175,825,260,20,45,15,490,50,305,340
368,Walsall,875,5,0,25,5,5,20,5,0,40,45,0,260,15,0,70,0,50,35,20,5,35,0,55,0,0,15,10,5,10,70,350,225,70,245,550,175,20,0,95,0,65,80,0,65,530,60,245,5,60,5,5,225,5,165,665,165,10,30,15,340,55,260,380
369,Waltham Forest,1210,15,0,0,15,5,0,10,5,5,35,0,40,0,0,0,0,45,5,0,0,55,0,25,0,0,0,10,5,0,50,210,425,150,645,710,620,175,0,150,0,65,175,5,95,645,95,670,20,90,45,5,200,0,265,610,150,35,20,35,180,35,135,590
370,Wandsworth,785,15,0,5,20,5,10,5,15,5,60,0,30,0,0,5,0,45,5,0,0,45,0,25,0,0,20,15,5,0,150,175,875,95,1540,1080,1745,540,5,240,15,170,395,5,155,1305,305,2510,35,245,140,20,420,5,230,695,375,35,35,95,120,10,105,705
371,Warrington,645,35,0,15,10,0,5,5,0,5,45,0,95,0,0,5,0,35,15,5,0,15,0,25,0,0,80,0,0,35,110,310,315,75,495,465,375,35,0,145,5,115,145,0,65,510,90,680,10,80,15,10,200,5,115,410,505,35,40,15,205,35,260,265
372,Warwick,460,10,0,25,15,0,5,0,0,0,25,0,75,0,0,15,0,35,10,5,0,5,5,30,0,0,110,0,10,75,110,190,330,55,560,465,410,25,5,135,30,85,125,0,90,450,75,845,45,105,35,50,330,0,125,370,595,25,30,5,80,15,140,195
373,Watford,455,15,0,0,5,10,5,0,0,0,10,0,25,0,0,0,0,25,10,0,0,10,0,15,0,0,0,0,0,5,40,140,170,40,505,275,210,40,0,65,0,55,90,0,50,315,50,400,0,50,25,5,105,5,70,220,125,25,20,15,70,10,85,225
374,Waveney,445,5,0,0,5,0,0,0,5,0,20,0,60,0,0,0,0,20,15,0,20,0,5,10,0,5,170,60,5,80,80,135,115,35,80,350,150,15,0,80,0,35,35,10,50,185,15,165,40,55,20,5,90,0,80,295,275,0,20,10,65,10,65,105
375,Waverley,635,20,0,5,15,0,5,0,0,0,35,0,45,0,0,0,5,35,5,5,0,15,0,25,0,0,85,5,25,85,210,180,355,55,655,405,545,110,0,150,10,395,155,5,75,485,115,1090,25,120,85,20,365,0,90,335,260,25,25,25,50,10,90,210
376,Wealden,1060,30,0,5,15,15,5,15,5,5,65,0,80,0,0,0,0,55,15,5,0,15,0,40,0,0,355,15,35,320,240,330,295,45,365,470,435,70,0,135,5,95,120,0,85,490,90,700,45,90,65,10,290,5,120,410,200,35,30,25,65,35,115,325
377,Wellingborough,365,10,0,15,0,0,5,5,0,5,30,0,50,0,0,0,0,40,15,0,0,5,0,15,0,0,55,0,0,40,70,135,135,30,130,180,90,10,0,65,0,30,30,0,30,175,20,180,15,30,5,0,95,0,55,175,80,10,25,5,180,15,130,130
378,Welwyn Hatfield,525,25,0,5,5,0,10,0,0,0,15,0,45,0,0,0,0,30,5,5,0,15,10,10,0,0,25,0,5,5,90,155,170,50,445,220,250,35,0,70,0,45,105,0,45,310,55,455,5,40,35,20,160,5,90,180,140,30,20,10,140,25,95,180
379,West Berkshire,860,45,0,10,15,5,15,10,0,0,40,0,95,0,0,0,5,50,15,5,0,5,5,30,0,0,175,5,15,120,350,270,375,70,900,370,480,45,5,145,40,80,135,0,70,495,100,985,30,95,45,25,315,0,105,315,310,75,30,25,125,30,235,270
380,West Devon,250,5,0,0,5,0,0,10,0,0,10,0,15,0,0,0,0,10,0,0,0,0,0,10,5,0,435,5,15,570,100,90,75,15,70,175,105,15,0,30,5,25,25,0,25,125,5,115,55,40,15,0,70,0,60,190,45,5,5,15,35,10,40,40
381,West Dorset,530,15,0,0,5,0,0,5,5,0,40,0,65,0,0,0,0,35,5,0,5,10,5,35,0,0,425,30,10,570,190,180,120,45,130,430,245,30,25,75,5,50,60,0,50,245,25,260,105,80,30,15,190,0,105,340,135,5,5,15,55,5,70,150
382,West Dunbartonshire,200,0,0,0,0,0,0,0,0,0,15,0,30,0,0,5,0,5,0,0,0,5,0,5,0,0,0,0,5,25,55,70,60,20,55,145,65,0,0,10,0,15,15,0,15,115,5,45,15,15,0,0,40,0,40,190,105,5,5,5,45,5,40,50
383,West Lancashire,480,10,0,10,5,0,5,10,0,0,50,0,50,0,0,0,5,20,15,5,5,10,0,10,0,0,340,5,5,105,120,225,140,25,165,285,145,5,0,50,0,40,50,0,30,230,20,200,15,50,10,5,150,0,55,285,150,15,30,0,160,20,115,185
384,West Lindsey,415,10,0,10,10,0,0,5,0,0,25,0,70,0,0,0,0,5,0,5,0,5,5,5,0,0,410,5,5,185,105,175,85,30,75,195,115,5,0,65,5,35,20,0,35,145,20,165,25,65,5,0,150,0,70,205,135,5,15,0,200,15,70,90
385,West Lothian,505,15,0,0,5,5,0,5,5,0,25,0,80,0,0,10,10,15,10,0,0,15,0,20,0,0,5,0,5,115,130,190,115,55,365,320,125,5,0,40,5,35,45,0,40,210,25,335,25,35,15,5,110,0,90,335,185,10,20,10,150,15,130,150
386,West Oxfordshire,695,20,0,10,15,5,5,0,0,0,45,0,70,0,0,5,0,30,5,0,0,10,5,15,0,0,230,0,10,165,170,215,190,35,320,300,355,50,10,100,5,55,70,0,60,345,40,500,45,100,45,15,185,0,95,285,170,15,10,5,75,15,90,165
387,West Somerset,135,0,0,5,0,0,0,0,0,0,0,0,10,0,0,0,0,5,5,0,0,0,0,5,0,0,220,5,5,280,75,50,45,15,20,145,50,5,0,15,0,10,10,0,20,55,5,60,50,25,5,0,30,0,30,110,30,0,0,0,25,0,10,20
388,Westminster,645,35,0,5,80,10,20,10,20,30,20,0,35,5,0,5,10,95,5,10,10,150,15,120,25,40,25,20,20,30,285,160,2615,175,1965,3285,4265,1955,50,490,280,1875,3605,60,730,2490,925,6395,510,1720,465,130,4745,0,485,1305,655,175,180,345,115,20,335,1640
389,Weymouth and Portland,255,0,0,0,0,0,0,0,0,0,5,0,25,0,0,0,0,10,0,0,0,0,5,5,0,0,5,45,0,5,40,40,55,30,60,205,75,5,0,35,0,5,25,5,15,95,5,70,60,15,10,5,40,0,45,175,60,0,15,0,15,5,10,40
390,Wigan,1210,15,0,10,35,5,10,10,10,0,85,0,175,0,0,15,5,50,35,10,0,25,10,45,0,0,65,5,5,45,135,430,320,80,320,650,315,25,0,130,0,85,110,0,90,505,50,360,20,55,15,5,185,5,165,760,425,35,35,25,345,55,235,340
391,Wiltshire,2195,70,0,40,40,5,25,15,5,10,175,5,235,0,5,25,5,95,35,35,5,35,35,105,10,0,1030,25,75,1035,780,740,795,170,1330,1210,1120,125,20,460,30,310,275,10,200,1155,165,2015,125,305,125,35,715,5,400,1185,680,80,70,55,355,60,305,705
392,Winchester,565,15,0,5,10,0,5,5,0,0,45,0,55,0,0,0,0,25,5,5,5,15,5,20,0,0,220,10,25,185,180,180,250,45,525,920,415,55,5,145,5,95,125,10,65,385,85,785,25,135,40,15,305,0,125,275,230,15,20,20,65,20,85,180
393,Windsor and Maidenhead,605,20,0,5,20,0,5,0,0,5,25,0,60,0,0,10,0,45,5,5,5,10,5,25,0,0,40,10,5,25,175,215,440,95,970,490,580,160,0,165,15,95,185,5,65,670,185,1360,40,125,40,20,295,5,110,360,230,45,50,40,105,25,140,335
394,Wirral,860,10,0,0,30,5,5,0,0,5,40,0,125,0,0,0,5,50,20,0,10,15,15,40,0,0,30,10,0,40,165,300,445,70,410,735,400,35,0,165,0,135,105,5,115,620,55,585,25,120,25,15,210,5,225,730,380,20,70,20,115,35,150,305
395,Woking,375,15,0,10,5,0,5,0,0,0,15,0,40,0,0,5,5,20,10,0,0,5,20,20,0,0,5,5,0,15,95,135,195,45,670,260,275,60,0,75,0,60,75,0,50,345,75,610,5,40,45,5,110,0,90,190,205,20,15,20,55,0,65,160
396,Wokingham,795,40,0,0,15,0,10,0,0,0,25,0,75,0,0,5,0,30,10,0,5,5,5,15,0,0,35,0,10,40,145,225,380,90,1330,310,395,50,0,100,5,80,100,0,70,530,100,1075,25,55,40,35,185,5,135,215,360,55,30,15,95,20,145,245
397,Wolverhampton,615,20,0,10,20,5,10,5,0,0,40,0,225,5,0,65,0,35,25,10,0,35,0,25,5,0,0,5,0,0,60,290,215,40,285,590,195,15,0,80,0,90,115,0,45,460,60,265,10,50,5,5,215,5,190,650,170,25,25,15,225,65,250,340
398,Worcester,240,0,0,5,0,0,0,0,0,0,10,0,45,5,0,5,0,15,5,0,0,5,0,0,0,0,0,0,0,5,50,115,105,30,145,290,155,5,0,50,0,40,45,0,40,175,45,215,0,30,10,5,115,0,80,255,105,10,10,10,65,10,65,135
399,Worthing,450,15,0,0,5,0,0,0,0,0,15,0,35,0,0,0,0,20,5,5,0,5,0,10,0,0,0,10,0,0,50,105,155,40,240,370,205,30,0,60,0,45,80,0,50,305,30,255,10,45,15,5,90,0,105,230,130,10,5,15,40,0,65,120
400,Wrexham,450,15,0,5,15,0,10,10,0,0,40,0,80,0,0,0,0,10,20,5,0,10,0,20,0,0,35,0,10,320,115,165,105,35,105,220,150,10,0,45,0,55,40,0,45,215,20,185,35,40,10,5,125,0,95,330,130,5,15,5,145,25,75,130
401,Wychavon,620,15,0,10,5,0,5,10,0,5,60,0,105,0,0,10,0,25,25,15,5,5,0,35,5,0,470,5,15,270,205,255,200,55,270,375,240,20,0,100,5,80,85,5,35,355,50,485,35,75,20,5,280,0,90,320,165,10,30,20,135,30,145,265
402,Wycombe,935,45,0,0,15,0,15,0,0,0,70,0,110,0,0,20,0,60,20,0,0,10,5,35,0,0,110,10,15,80,150,295,365,85,835,455,510,150,0,155,5,95,140,0,100,655,105,1145,25,105,50,45,285,5,125,390,270,55,25,20,135,25,220,370
403,Wyre,540,5,0,10,5,5,0,0,0,0,35,0,60,0,0,5,0,20,10,0,10,5,0,20,5,0,175,80,0,255,110,180,145,20,130,385,135,0,0,40,0,30,40,0,35,220,10,185,40,45,10,0,125,5,75,280,140,10,20,5,80,20,60,135
404,Wyre Forest,410,5,0,15,5,0,5,5,0,0,15,0,55,0,0,10,0,20,10,5,0,10,5,15,0,0,90,0,0,60,65,190,120,40,120,270,120,10,0,40,0,40,40,0,30,235,20,190,25,45,5,0,120,0,70,260,85,5,15,10,80,25,100,150
405,York,620,15,0,5,20,0,0,5,0,0,50,0,50,0,0,0,5,40,10,0,0,5,5,25,0,0,150,0,5,85,150,215,225,70,395,610,345,50,10,130,5,130,120,0,85,335,55,535,120,145,25,25,330,10,160,520,210,20,20,30,95,20,120,190
